date_ymd,time_hm,channel,topic,action_type,exchanges,symbols,key_points_short,source_file,message_id
2025-06-26,12:58,판판펀치,사하라 준비해보기,listing,"Upbit,Bithumb,Binance","DA,COM,BNB,ETH,BRIDGE,BSC","['거래소 상장시간 관련', '비들패드 클레임 관련', '테스트넷 클레임 관련', '브릿지 관련', '주의사항']",C:\Users\user\Downloads\Telegram Desktop\ChatExport_2026-02-02 (3)\messages.html,58
2025-09-16,21:00,판판펀치,"$AVNT 상장(Up,Bit,Binance)",listing,"Upbit,Bithumb,Binance","SPOT,AVNT,FLOCK,BIT,FUND,UP","['거래 지원: 2025.09.15 14:00 예정', '체인: Base', '현선 4~5퍼 까지 벌어졋다가 0.5~1퍼대 유지', '거래 지원: 2025.09.15 14:00 예정', '체인: Base', '거래 지원: 2025.09.15 14:00 예정', '출금지원 예정: 2025.09.15 15:00 예정', '업비트의 견제시작 (거래시점 30분 앞",C:\Users\user\Downloads\Telegram Desktop\ChatExport_2026-02-02 (3)\messages.html,124
2025-09-16,21:43,판판펀치,$ZKC 상장 (Up/Bit/Binance),listing,"Upbit,Bithumb,Binance","BB,ROUTE,FUTURE,BD,CF,BNB","['BNB Smart Chain', 'Ethereum', 'Base:', 'Wormhole', '이외에 다른것도 있긴했음(생략)', '거래 지원: 2025.09.15 23:00 예정', '체인: ETH, BNB', 'Alpha 물량 인당 90ZKC', '체인: ETH', '거래 지원: 2025.09.15 23:00 예정']",C:\Users\user\Downloads\Telegram Desktop\ChatExport_2026-02-02 (3)\messages.html,126
2025-10-02,23:03,판판펀치,"더블제로로 리스크 감수를 줄이고, 돈버는방법정리",arbitrage,"Binance,Hyperliquid",SPOT,"['메테오라풀설정', '하리<>binance 갭', 'backpack spot출금따리']",C:\Users\user\Downloads\Telegram Desktop\ChatExport_2026-02-02 (3)\messages.html,163
2025-10-17,18:18,판판펀치,ZEROBASE (ZBT),listing,"Upbit,Binance","EDB,NCA,FDV,ZBT,BSC,CA","['ZEROBASE (ZBT)\n\n바이낸스 알파 상장: 9월 30일 20:00시 추정(한국시간 기준)\n업비트 상장 시간: 9월 30일 22:00시(한국 시간 기준)\n\n총 토큰 공급량:1B\n상장 시 유통량:220M (총 토큰 공급량의 22%)\n\n웨일즈 마켓에서 0.55불에 거래중\nMC : 121M\nFDV : 550M\n\nCA\nETH,BSC",C:\Users\user\Downloads\Telegram Desktop\ChatExport_2026-02-02 (3)\messages.html,192
2025-10-17,20:46,판판펀치,1️⃣ 검증 가능한 연산(Verifiable Computation)을 통해 글로벌 금융의 근본적인 신뢰 격차 해소,bridge,,"TEE,ZK,ZBT,CEDEFI,PROVER,DEFI","['1️⃣ 검증 가능한 연산(Verifiable Computation)을 통해 글로벌 금융의 근본적인 신뢰 격차 해소\n→ 제로베이스의 미션을 그대로 반영한 문장입니다', '2️⃣ 증명 생성 및 라우팅을 위한 허브–프루버(HUB–Prover) 협업 모델\n→ 네트워크 구조 설명에 명시되어 있습니다', '3️⃣ 리스크 중립적인 CeFi/DeFi 아비트라지 전",C:\Users\user\Downloads\Telegram Desktop\ChatExport_2026-02-02 (3)\messages.html,195
2025-10-25,16:34,판판펀치,launchcoin delisting recap,listing,"Bithumb,Bybit,Hyperliquid","XPL,FDV,SOL,BYBIT,RECAP,MARK","['대충 상폐공지 읽어보니까, 펀비 30번은 먹을수있는 시간이었음', 'pre-market이 아니라, 펀비를 1시간에 1%씩 내면서 공격해야함', '그렇다면 빠르게 오더북 밀어버리면서 싹 청산내야 했는데 hyperdash 터미널로 확인한 결과, 눈에 띄는 온체인 공격자가 없었음', '새벽이어서 비몽사몽 했지만, 공격은 아니라고 생각, 그리고 공격자가 너무나",C:\Users\user\Downloads\Telegram Desktop\ChatExport_2026-02-02 (3)\messages.html,216
2025-10-28,18:22,판판펀치,작년에 페이코인으로 꿀 빨았던 썰,listing,Bithumb,"HTX,NHTX,WPCI,NWPCI,PCI,PDF","['작년에 페이코인으로 꿀 빨았던 썰\n\n생각보다 HTX(구 후오비)에 이상한 페어들이 많았음', '그중에 WPCI라는 페어가 있었음 (지금은 상폐됨)\n\nWPCI = Wrapped Paycoin\n랩핑된 PCI(페이코인)임', '랩핑을 풀면 PCI(페이코인)가 되는 구조였고, 브릿지를 통해 언랩핑할 수 있었음\n\n본론으로 들어가자면,\nWPCI는 가",C:\Users\user\Downloads\Telegram Desktop\ChatExport_2026-02-02 (3)\messages.html,225
2025-11-11,19:25,판판펀치,한창 아까 LSK 갭 날때 실수로 공브 보내신 분들도 보이고 Across에 묶이신분들도 보여서 간략하게 LSK 브릿지 관련 정리,arbitrage,,"XAC,APP,BA,COM,XC,BD","['https://bridge.lisk.com/', 'https://superbridge.app/?fromChainId=1135&toChainId=1&tokenAddress=0xac485391EB2d7D88253a7F1eF18C37f4242D1A24', 'https://app.across.to/bridge', 'Lisk도 OP stack 기반 Optimis",C:\Users\user\Downloads\Telegram Desktop\ChatExport_2026-02-02 (3)\messages.html,245
2025-11-18,22:00,판판펀치,그냥 진짜 할거없어서 이런거나 하는중,listing,"Upbit,Binance,Hyperliquid","NPRICE,FDV,MET,BP,PRICE,MC",['그냥 진짜 할거없어서 이런거나 하는중\n\n$MET binance long<>hyperliquid short\n1%정도 price gap있었고\n\n하리쪽 스프레드가 꽤 있어서\nprice gap(100bp)+funding gap(20bp)-스프레드(15*2bp)-수수료(10*2bp)=70bp\n\n적당히 잡았으면 포지션 사이즈대비 50~70bp정도 나,C:\Users\user\Downloads\Telegram Desktop\ChatExport_2026-02-02 (3)\messages.html,250
2025-11-29,11:57,판판펀치,업비트 VIP 전담에서 연락옴,deposit_withdrawal,Upbit,"SOL,VIP","['11.28. 23:45분 ~ 입금 개시 이후부터는 이전 SOL 주소로 코인을 입금하면 반영이 불가능하니 매우 주의할 것', '11.28. 23:45분 ~ 입금 개시 이전까지는 입금 반영 순차로 진행될 예정']",C:\Users\user\Downloads\Telegram Desktop\ChatExport_2026-02-02 (3)\messages.html,259
2025-12-03,00:33,판판펀치,Quanto (구. OXFUN),listing,Upbit,"OX,OXFUN,MEME,KILOEX,ZHUSU,ORCA","['zhusu (전 쓰리애로우 캐피탈 창립자) 가 만든 meme perpdex 였음', '메이저 코인 + 밈코인 선물거래가 가능했음', '작년 11월쯔음 처음 접한게 $OX 토큰 펀비 1시간당 0.1% 캐먹으려고 갔엇음', '$OX토큰을 담보로 사용할수있어서 OX토큰을 구매한뒤 1배율 숏을치면 크게 리스크없이 펀비를 시간당 0.1%씩 캐먹을수있었음 (0.0",C:\Users\user\Downloads\Telegram Desktop\ChatExport_2026-02-02 (3)\messages.html,262
2025-12-28,16:44,판판펀치,📌 플로우(FLOW) 바이비트 대출 상환 관련 글(공지내용),funding,Bybit,"KST,BYBIT,FLOW","['입출금 불가', '외부에서 FLOW를 들여와 상환할 수 없음', '체인 이슈로 이동 자체가 제한된 상태', '다른 거래소 역시 론 상환에대한 기한을 두지않음']",C:\Users\user\Downloads\Telegram Desktop\ChatExport_2026-02-02 (3)\messages.html,292
2026-01-02,22:39,판판펀치,LIGHT,arbitrage,"Binance,Bybit,OKX,Bitget","ADL,HR,BYBIT,INDEX,BITGET,SHORT","['LIGHT 토큰이 엄청난 급락이 나오기 시작함.', '설거지 끝난 거 같아서 숏을 치려고 했음.', '바이낸스에서 LIGHT 페어 리스크 컨트롤 때문에 주문이 들어가지 않았음.', '바이비트도 호가가 비어있다고 큰 주문이 잘 들어가지 않았었음.', '그렇게 보고 있다가 리스크 컨트롤 해제되면서 바로 또 급락이 나옴.', ""처음 숏 치고 싶었던 자리에서 ",C:\Users\user\Downloads\Telegram Desktop\ChatExport_2026-02-02 (3)\messages.html,298
2026-01-05,18:50,판판펀치,🎉 2026 새해 맞이 코인 채널 이벤트 🎉,arbitrage,,"RED,PILL,CRYPTO,ALPHA,AI,ZI","['🎉 2026 새해 맞이 코인 채널 이벤트 🎉\n\n새해 시장은 한 가지 레시피로 버티지 않습니다', '기본을 다지지 않으면 불을 올릴 수 없습니다', '전략으로 온도를 맞추고, \n갭매매로 타이밍을 재단하며, \n디파이로 구조의 깊이를 더합니다', '기회는 선별하고, 리스크는 걷어내고, 남는 자리만 완성합니다', '■ 참여 방법\n판판펀치 / pache",C:\Users\user\Downloads\Telegram Desktop\ChatExport_2026-02-02 (3)\messages.html,302
2026-01-10,14:06,판판펀치,https://x.com/monghyun523/status/2009581867633439058?s=20,arbitrage,,"FLOW,HTTPS,STATUS,NFLOW,COM,TWIX","['https://x.com/monghyun523/status/2009581867633439058?s=20\n\nflow 아비트라지 자세한 정리글\n\n엘프 따리할때 봇으로 같이 경쟁했던 친구가 제 방에 들어왔어요 ㅋㅋ\n디엠으로 대화해보니 너무 잘하는 친구이기도 하고,\n저랑 비슷하게 그룹을 만들어서 활동하더라구요 \n이친구 트위터도 같이 팔로우해두시면 ",C:\Users\user\Downloads\Telegram Desktop\ChatExport_2026-02-02 (3)\messages.html,305
2026-01-13,13:08,판판펀치,해당 갭이 생기는 이유는,arbitrage,"Binance,Hyperliquid","NTGE,FEE,TGE,MARKET,LIQ","['해당 갭이 생기는 이유는\n\n바이낸스,하이퍼리퀴드에서 오라클을 자체 markprice로 사용하고있기때문임\n거래소마다 가격이 다른것을 조정할수있는 이유는 funding fee가 존재하기 때문인데\n자체 markprice사용(아직 pre-market취급)하고있어서\n사실상 3개의 거래소에서 다른가격으로 거래가 되더라도 맞춰질 이유가 존재하지않는갭임\n\",C:\Users\user\Downloads\Telegram Desktop\ChatExport_2026-02-02 (3)\messages.html,307
2026-01-31,19:01,판판펀치,최근에 몇개있었던거,arbitrage,,"NSENT,ENSO,OI,RWA,NENSO,SENT","['최근에 몇개있었던거\n\nsent선선[실패]\nenso선선[실패]\n\n여러가지 방향으로 플레이풀을 넓혀가고있는데 전체적으로\n아비트라지<-시장전체에 대한 참여자나 시장반응이 너무 좋은게 오더북상이든 oi로든 표현이됨, 시장알파가 너무크게 준것 같음\n\n당분간 리서치공부 위주로 할예정\n최근에는 rwa시장만 보고있는데 되게 위험해보임\n\n특정거래소 ",C:\Users\user\Downloads\Telegram Desktop\ChatExport_2026-02-02 (3)\messages.html,336
2022-10-01,08:53,불타는청춘,"""아비트리지(arbitrage)란 무엇인가""",arbitrage,,"MAKER,BOT,MARKET","['개요', 'CEX 중앙화 거래소간 아비트리지', 'CEX-DEX 간 아비트리지', 'DEX 간 아비트리지', '선물 - 현물 갭 아비트리지']",C:\Users\user\Downloads\Telegram Desktop\ChatExport_2026-02-02 (1)\messages.html,339
2022-12-20,18:17,불타는청춘,✅제가 생각하는 제일 안전하게 다계정을 공략하는 방법을 작성해보았습니다.,deposit_withdrawal,,,"['✅제가 생각하는 제일 안전하게 다계정을 공략하는 방법을 작성해보았습니다', '✅글의 순서는 다음과 같이 구성되어 있습니다', '안티브라우저와 프록시 세팅\n다계정 지갑 세팅\n옵티미즘 다계정 팁\n다계정 자금 출금 팁\n\n본문📜']",C:\Users\user\Downloads\Telegram Desktop\ChatExport_2026-02-02 (1)\messages.html,516
2023-04-13,23:39,불타는청춘,게아오 신규가입 추가이벤트,deposit_withdrawal,Gate.io,"UID,KYC,ARB,GATE,USDT,VIP","['신규가입 후 500달러 이상 예치시 100USDT 증정금', '첫 예치 자산만 해당', '예치 자산은 7일 이내 인출 금지', '거래량에 따른 증정금도 있지만 이건 패스!', '4/14(금) 마감, 증정금은 17~21일 지급', '신규가입, KYC 후 입금', '1000USDT 당 박스 1개 부여', '스타트업 참여시 박스 추가 부여', '보상 : AR",C:\Users\user\Downloads\Telegram Desktop\ChatExport_2026-02-02 (1)\messages.html,1281
2023-04-13,23:40,불타는청춘,🪂 레이어제로 작업 중 미세먼지 팁 공유,bridge,Gate.io,"HTTPS,ETH,USDT,STG,BUNGEE,FEE","['다양한 메인넷에 수수료용 토큰 뿌리기', '스타게이트 브릿지 사용 출형 최대한 막기']",C:\Users\user\Downloads\Telegram Desktop\ChatExport_2026-02-02 (1)\messages.html,1283
2023-04-17,09:09,불타는청춘,[sui코인 토큰출시! OKX에서 수이코인 획득하는 방법],general,"Binance,OKX","MP,BLOG,HTTPS,OKX,COM,DAPP","['OKX 점프스타트라는 바낸 런치패드와 거의 흡사한 프로그램으로 SUI코인 티켓 획득 가능', '1SUI당 0.1$로 구매 가능', 'OKB 하나당 티켓 4장 지급, 티켓 1장 당첨 당 100SUI 구매 가능', '12개월 베스팅(처음에 1/13 획득, 이후 매월 1/13 획득)', '구매가 대비 13배만 가 주어도 처음에 멘징 가능', 'OKB코인은 현",C:\Users\user\Downloads\Telegram Desktop\ChatExport_2026-02-02 (1)\messages.html,1299
2023-04-20,11:13,불타는청춘,📕 마스크네트워크와 함께하는 제 2회 AMA DU Festival 및 런투언(L2E) 이벤트,general,Upbit,"SOFT,WEB,DU,MASK,BANK,AMA","['이벤트 세컨블록 참여', '중앙 5대의 모니터에서 컨텐츠 확인하고 스탬프 5개 얻기', '중앙 오른쪽 위 추첨기계에 추첨신청하기', '바닥에 화살표 따라서 퀴즈 참여하기', 'mastodon', '100M', 'soft bank', 'twitter', '악의적인발언', '투자 100개']",C:\Users\user\Downloads\Telegram Desktop\ChatExport_2026-02-02 (1)\messages.html,1311
2023-06-01,22:28,불타는청춘,🔎 바톤엑스 Batonex 거래소 소개와 엠버서더 기념 수수료 할인 이벤트,deposit_withdrawal,,"UID,USDT,KYC","['바톤엑스 로우나 링크로 가입 후 KYC 완료', '거래 수수료 할인을 위해 UID 제출 + 기타 문의 사항 연락 (텔레그램 / 카카오톡)', '총 235 USDT 증정금 미션 참가']",C:\Users\user\Downloads\Telegram Desktop\ChatExport_2026-02-02 (1)\messages.html,1467
2023-06-07,13:20,불타는청춘,📕 BITMAKE 에어드랍 이벤트,airdrop,,USDT,['글림참여하러가기   ( 퀴즈이벤트)'],C:\Users\user\Downloads\Telegram Desktop\ChatExport_2026-02-02 (1)\messages.html,1483
2023-07-05,18:40,불타는청춘,⚡️ PsuB 에어드랍 이벤트,listing,,"PSUB,NFT,SUBPAY,VAEN,MI,AD","['추첨 2000명 : 각 50 PsuB (약 4천원)', '상위 5명 : 총 47,600 PsuB', '추천인 코드 VAEN5MI7']",C:\Users\user\Downloads\Telegram Desktop\ChatExport_2026-02-02 (1)\messages.html,1647
2023-07-09,23:21,불타는청춘,아무도 관심 없는 스톤파이 팔로업 - 4,listing,,"TOP,TON,STON,ZEALY","['30만개(약 30만달러) 할당이라고 말해놓고 갑자기 10만개만 준다고 함 (나머지는 다음 이벤트에 사용한다고)', '상위 100명 + 랜덤 10명에게 에어드랍 예정', '상위 100에 들려면 초대를 수백명 하거나 스왑 수수료로 200달러 이상 써야함', '스테이킹된 토큰으로 에어드랍 주는데 베스팅 2년임 (이게 최악인듯)']",C:\Users\user\Downloads\Telegram Desktop\ChatExport_2026-02-02 (1)\messages.html,1695
2023-07-10,20:43,불타는청춘,⚡️ [EVENT] 체인아레나 시즌1 $OAS 에어드랍!,listing,Bithumb,"NFT,IDLE,EVENT,WEB,IP,OAS","['IDLE RPG 형태의 블록체인 게임으로 무료 플레이 가능', '보상으로 NFT 및 가상자산을 보상으로 획득', '쉬운 플레이 방법과 무료 플레이로 WEB.25 표방']",C:\Users\user\Downloads\Telegram Desktop\ChatExport_2026-02-02 (1)\messages.html,1704
2023-07-11,18:01,불타는청춘,"🪙GOPAX, 로아코어 거래 지원 기념 이벤트",listing,,"TOP,ROA,GOPAX,HAVAH,AD","['🪙GOPAX, 로아코어 거래 지원 기념 이벤트\n\n· 로아코어 거래 기념 에어드랍\n· 거래량, 순입금, 초대왕 3가지 이벤트 \n· 유형별로 본인에게 유리한 것 참여하기\n\n❓이벤트별 안내\n\n[ 거래량 이벤트 ]\n· 거래량에 따라 $50,000 ROA 차등 분배\n· 1/N이라 사고 팔기만 해도 수수료 이상은', '[ 순입금 이벤트 ]\n· ",C:\Users\user\Downloads\Telegram Desktop\ChatExport_2026-02-02 (1)\messages.html,1710
2023-07-12,08:07,불타는청춘,EraLend (구 Nexon finance) 스텔라 프로그램,airdrop,,"IDO,NFT,OAT,ZEALY,ZKSYNC,GALXE","['EraLend가 매터 랩으로부터 받는 zkSync 에어드랍의 30% 분배', 'IDO 화이트리스트', '추후 공개']",C:\Users\user\Downloads\Telegram Desktop\ChatExport_2026-02-02 (1)\messages.html,1719
2023-07-12,09:49,불타는청춘,게아오 web3 스타트업 출금 방법,deposit_withdrawal,Gate.io,"GT,GATE,WEB","['웹3 선물 탭에서 withdraw 클릭', '참여한 web3 지갑에 가스비 GT 전송 (게아오에서 게이트체인으로 출금)', '웹3 선물 탭에서 confirm이었나? transfer out이었나 클릭', '여기까지 하면 웹3지갑 게이트 체인으로 테더 들어옴. 게아오 계정에 전송 ㄱ..']",C:\Users\user\Downloads\Telegram Desktop\ChatExport_2026-02-02 (1)\messages.html,1720
2023-07-13,00:02,불타는청춘,🔥 바이빗 - 단돈 13만원으로 하는 돈 복사 이벤트,listing,"Bithumb,Bybit","KYC,MNT,BYBIT,USDT,PS","['바이빗 가입 및 KYC 1', '100 USDT 이상 예치 후 바이스타터 사이트 에서 커밋', '당첨 후 $MNT 코인 무료로 받음', '$MNT 코인 상장 펌핑 먹기']",C:\Users\user\Downloads\Telegram Desktop\ChatExport_2026-02-02 (1)\messages.html,1741
2023-07-13,00:18,불타는청춘,선물 DEX 에드작 요령,arbitrage,,,"['선물 DEX 에드작 요령\n\n선물 덱스는 거래량 기반으로 에어드랍을 줄 확률이 높습니다', '어떻게보면 다른 불확실한 에드작보다 비교적 명확한 보상체계인게 장점이지만 실제 돈이 투입된다는게 큰 리스크 (매매 손실까지 고려하면 리스크 증가)\n\n따라서 중앙거래소 양빵으로 투입되는 돈을 최소화할 수 있고, 거래소 증정금을 이용하면 리스크를 더 줄일 수 ",C:\Users\user\Downloads\Telegram Desktop\ChatExport_2026-02-02 (1)\messages.html,1746
2023-07-13,22:32,불타는청춘,📕 바이빗 바이스타터,deposit_withdrawal,"Bithumb,Bybit","KYC,USDT,MNT,BITDAO","['거래소 뱅크런', '입금한 돈으로 선물거래하기', '바이빗 가입자 (KYC 1단계 필요)', '100 USDT 필요', '바이빗계정에 100 USDT 입금', '바이스타터 홈페이지 에서 구독 버튼 클릭하면 참가완료']",C:\Users\user\Downloads\Telegram Desktop\ChatExport_2026-02-02 (1)\messages.html,1773
2023-07-14,23:13,불타는청춘,📌 레이어제로 부계정 셋팅 상세 가이드,deposit_withdrawal,Gate.io,"BEAM,NFT,FTM,FEAT,MIM,TOOLS","['📌 레이어제로 부계정 셋팅 상세 가이드\n\n✅ 먼저 가스비를 CEX에서 지갑으로 뿌려줌', '🛠 가스비는 븐브/아발/아비이더/팬텀/매틱 전송', '(단 매틱은 20~25개 정도 넉넉하게 보내고, 팬텀은 3~3.5개정도만 보내도 가능)\n\n✅ 다음 스테이블 코인 $2000~$2200정도 보내줌 체인은 메틱 \n\n🛠 볼륨작을 위해 전송/ 볼륨작에 좋다",C:\Users\user\Downloads\Telegram Desktop\ChatExport_2026-02-02 (1)\messages.html,1803
2023-07-15,18:59,불타는청춘,📌 개인적인DYOR 한 주 돌아보기 요약본,airdrop,Binance,"NFT,WEB,MANTLE,DYOR,DAPPOS,ZKSYNC",['📌 개인적인DYOR 한 주 돌아보기 요약본\n\n✅ Web3Go - 얼리버드 티켓 래플 참가하기(본문링크)\n\n☄️ 바이낸스랩스 투자 / 현재 겔럭시를 통한 얼리버드 티켓 래플 참가가능(캠페인 거의 끝나감 맨마지막 퀘스트가 2시간 정도 남은듯) / 얼리버트 티켓 소유자는 추후 에어드랍 예정\n\n✅ Reveel 웨잇리스트 등록하기(본문링크)\n\n☄️,C:\Users\user\Downloads\Telegram Desktop\ChatExport_2026-02-02 (1)\messages.html,1824
2023-07-15,23:06,불타는청춘,🔥 바이빗 조용히 IDO 진행 중,deposit_withdrawal,"Bithumb,Bybit","IDO,LOGIN,NFT,NIDO,BYBIT,USDT",['🔥 바이빗 조용히 IDO 진행 중\n\n💎 GameSwift ($GSWIFT)\nIDO 가격 : $0.0144\n베스팅 : TGE 50% / 나머지 매달 10%\n초기 시총 : $510K\n\n⏰  IDO 일정\n18일 \n     ~19시 신청 마감\n21일\n     ~19시 스냅샷 종료 후 추첨시작\n       19시 30분 청구 시작\n    ,C:\Users\user\Downloads\Telegram Desktop\ChatExport_2026-02-02 (1)\messages.html,1830
2023-07-20,14:00,불타는청춘,🔥 주멕스 1인당 200달러이벤트,deposit_withdrawal,,OR,"['주멕스 가입 (수수료30% + 10%추가 특별할인)', '이벤트 참여버튼 등록', '1000 or 5000 입금', '대회 얼리버드 보상 참여 (24일부터 클릭활성화)']",C:\Users\user\Downloads\Telegram Desktop\ChatExport_2026-02-02 (1)\messages.html,1926
2023-07-20,14:00,불타는청춘,🔥 돈꿀 X 비트메이크(BitMake) :  선착순100명,deposit_withdrawal,,"KYC,HTTPS,IP,VIP,USDT,BE","['비트메이크 가입 (KYC)', '글림 작성 (선착순100명)', '입금 및 거래후, 자동 수령!!']",C:\Users\user\Downloads\Telegram Desktop\ChatExport_2026-02-02 (1)\messages.html,1928
2023-07-20,15:37,불타는청춘,🌟 공모주 상장시 예상주가 체크해보기,listing,,,"['🌟 공모주 상장시 예상주가 체크해보기\n\n공모주가 요즘 매우 핫한데 상장시 예상 주가를 가늠해볼 수 있는 방법이 있습니다', '정확하진 않아도 대략적으로 내가 얼마정도 무너지면 팔겠다라는 감을 잡고 전투에 임할 수 있습니다.🌝\n\n모든 주식이 그런 것은 아니지만 상장 전 장외에서 물량이 풀렸다면 장외 주가가 형성되는 종목들이 많습니다', ""저는 주로",C:\Users\user\Downloads\Telegram Desktop\ChatExport_2026-02-02 (1)\messages.html,1943
2023-07-20,16:02,불타는청춘,🔥 Layerzero 부계정 세팅 최종정리 및 요약본.,deposit_withdrawal,"Upbit,OKX,Gate.io","ZK,ERA,FM,DYOR,OFT,ZKSYNC","['업비트 메틱 - 15개 (출금 수수료 가장낮음 0.05개)', 'OKX  아발 0.25 / 아비ETH 0.004 / BNB 0.025', 'USDT 메틱 2000~2100불 (수수료 $0.8)', 'OFT 브릿지 이동 MERK 토큰 100개 가스비만 주고 클레임( 100개 이상 받으면 가스비 더나감)', '토큰을 1~2개씩 체인마다 뿌려줌. (zksyn",C:\Users\user\Downloads\Telegram Desktop\ChatExport_2026-02-02 (1)\messages.html,1952
2023-07-21,00:14,불타는청춘,✅Grass,listing,,"NPC,PC,GRASS,WIFI",['✅Grass\n\n에드헌터들채굴중.100만투자시드\n투자시드확대중.빨리채굴할수록유리\n인도/벳남/아랍쪽 적극적채굴중확인\nPc전용.Wifi필수\n거래소상장가능성높음\n\n✅하는방법\n1️⃣사이트접속\n2️⃣이메일가입\n3️⃣왼쪽grass설치\n4️⃣가입한이메일입력\n5️⃣와이파이작동확인\n6️⃣실시간채굴중\n7️⃣완료'],C:\Users\user\Downloads\Telegram Desktop\ChatExport_2026-02-02 (1)\messages.html,1976
2023-07-21,19:02,불타는청춘,📕 DTR&CYCON 에어드랍으로 가족 동원해 복날 치킨자금 확보,listing,Gate.io,"IO,CODE,DR,DTR,CYON,CYCON","['기간 : 7/21일(금) ~ 물량소진시', '보상: 10 DTR + 500 CYCON(2만원 상당, 선착순 3만명)', '추가: 초대 순위에 따라 $DTR 보상 추가로 지급(이미지 참고)', '메타콘 월렛 설치 + 휴대폰 인증', '초대 코드 활용한 사람 순위권으로 보상 지급!', '각 등수당 초대인원 수 책정 (배너에서 확인)', '메타콘 월렛내 드림",C:\Users\user\Downloads\Telegram Desktop\ChatExport_2026-02-02 (1)\messages.html,2005
2023-07-22,15:21,불타는청춘,🏦 디뱅크 토큰의 TGE 시기와 파밍 방법,airdrop,,"DEBANK,RT,OG,TGE","['🏦 디뱅크 토큰의 TGE 시기와 파밍 방법\n\n➡️ 스레드 보러가기: 클릭\n*좋아요와 RT는 사랑입니다', 'OG 대상으로 뱃지를 나눠주고 있어 코린이는 서러워서 살겠나 싶은 DEBANK 에드작', '과연 기회를 주지 않는 것일까란 생각으로 써보았습니다', '전 리스크 수반하고 매일 글 쓰고 리워드 풀 지정을 하고 있긴 한데, 실패하면 돈만 날리는 ",C:\Users\user\Downloads\Telegram Desktop\ChatExport_2026-02-02 (1)\messages.html,2021
2023-07-23,00:02,불타는청춘,🪓 나만의 1계정 채굴기 - NAODA 편,bridge,Bithumb,"POP,FLASK,WEB,NAODA","['🪓 나만의 1계정 채굴기 - NAODA 편\n\n➢ 리스크 : 📉 \n➢ 귀차니즘 : 📈\n➢ 기댓값 : 📉\n\n NAODA는 폴리곤 체인 위에서 구동되는 게임파이 플랫폼 지망생입니다', '언제 나올진 몰?루\n\n 챗굴, 퀴즈 등 여러 가지 미션을 클리어해서 POP를 모을 수 있으며, 이는 나중에 플랫폼에 대한 기여로 인정된다고 말합니다', ""모체인",C:\Users\user\Downloads\Telegram Desktop\ChatExport_2026-02-02 (1)\messages.html,2025
2023-07-23,16:26,불타는청춘,🔥 Layerzero 부계정 세팅 최종정리 및 요약본.,deposit_withdrawal,"Upbit,OKX,Gate.io","ZK,ERA,FM,DYOR,OFT,ZKSYNC","['업비트 메틱 - 15개 (출금 수수료 가장낮음 0.05개)', 'OKX  아발 0.25 / 아비ETH 0.004 / BNB 0.025', 'USDT 메틱 2000~2100불 (수수료 $0.8)', 'OFT 브릿지 이동 MERK 토큰 100개 가스비만 주고 클레임( 100개 이상 받으면 가스비 더나감)', '토큰을 1~2개씩 체인마다 뿌려줌. (zksyn",C:\Users\user\Downloads\Telegram Desktop\ChatExport_2026-02-02 (1)\messages.html,2030
2023-07-24,14:12,불타는청춘,✅ TABI 늦었나요?,airdrop,Binance,"NFT,VC,ZKSYNC,II,TABI,PORT","['공식 홈페이지 에서 미션 진행', '갤럭시 미션 진행', 'Tabi The Voyagers - The port', 'Tabi The Voyagers II- The Mermaids']",C:\Users\user\Downloads\Telegram Desktop\ChatExport_2026-02-02 (1)\messages.html,2041
2023-07-25,15:32,불타는청춘,🐇 'Rabbit X' 에어드랍 이벤트 안내,deposit_withdrawal,,"RABBIT,RBX,USDT,AD","['Rabbit X 접속(한 번 들어가보삼)', '지갑 연결 및 Deposit 주소 확인', 'USDT 입금 및 거래 진행', '몇번 거래하고 트잭 남기면 끝']",C:\Users\user\Downloads\Telegram Desktop\ChatExport_2026-02-02 (1)\messages.html,2050
2023-07-25,15:33,불타는청춘,"🪙 QuestN, QuesterSeekers on Linea Mainnet 🪙",deposit_withdrawal,Binance,"ZKSBT,VERIFY,NFT,CODE,MANTA,ON","['🪙 QuestN, QuesterSeekers on Linea Mainnet 🪙\n\n🔥 마지막 4️⃣ 부터 내용이 빡세니까 긴호흡으로 따라오세요 성님들\n\n🤯 Linea 메인넷 느려서 숙제 해도  3-4 분정도 여유 가지면서 verify 하십셔\n\n🔥 0.06 ETH 정도면 충분히 숙제 다깨고 linea에 돈 남겨둘수 있슴', '🔥 숙제 순서는 극한",C:\Users\user\Downloads\Telegram Desktop\ChatExport_2026-02-02 (1)\messages.html,2052
2023-07-26,15:07,불타는청춘,💎 (420코인 바로줌)$19.9M 투자받은 수프라 오라클 에어드랍 받기,listing,,"KYC,SUPRA,IN,SIGN","['💎 (420코인 바로줌)$19.9M 투자받은 수프라 오라클 에어드랍 받기\n\n\n얼마전 아캄 코인이 달달하게 먹여주면서 에어드랍 받을만한 것들을 물색중입니다', '수프라 오라클(Supra Oracles)이라는 프로젝트를 찾았는데요', '총 7번의 시드라운드를 거쳐 $19.9M 이나 투자를 받았더라구요', '2018년부터 시작한 프로젝트이고 팀원들 모두",C:\Users\user\Downloads\Telegram Desktop\ChatExport_2026-02-02 (1)\messages.html,2070
2023-07-26,18:45,불타는청춘,🔥 TABI 에어드랍 받기,airdrop,Binance,"NFT,OAT,WEB,VC,PS,TABI","['게임플레이, NFT로 WEB2 <-> WEB3 연결', '바낸랩스 지원 및 VC로부터 10M 달러 자금 조달', '얼리어답터에게 에어드랍 예정', '공식 홈페이지 접속', '지갑 연결 후 미션 진행', '갤럭시 OAT 받기', 'OAT 1 | OAT 2']",C:\Users\user\Downloads\Telegram Desktop\ChatExport_2026-02-02 (1)\messages.html,2073
2023-07-26,21:03,불타는청춘,오랜만에 돌아온 팬케이크 cifo 정리,airdrop,"Bithumb,Binance","HTTPS,CAKE,NIFO,IFO,CIFO,TGE","['오랜만에 돌아온 팬케이크 cifo 정리\n\nhttps://pancakeswap.finance/ifo\n\nifo가 아닌 cifo란', '퍼블릭 세일은 동일, 프라이빗세일에 커뮤니티 멤버 추가\n해당 대상은 프로필에서 포인트가 800점 이상\n\n토큰 초기 유통량', '4.6m\n\n초기유동성 2% +  팬케이크 CIFO(TGE 언락 20%', '0.0",C:\Users\user\Downloads\Telegram Desktop\ChatExport_2026-02-02 (1)\messages.html,2075
2023-07-26,23:38,불타는청춘,✅Bi.social,general,,"SOCIAL,YOUR,TOKEN,CHECK,BI,CLAIM","['✅Bi.social\n\n본인지갑에 에드완료', '확인결과 코인에드들어왔습니다\n거래소 떡상기원\n\n✅하는방법\n1️⃣사이트접속\n2️⃣지갑연결\n3️⃣Claim클릭\n4️⃣Check Your Token클릭\n5️⃣그림참조하여 테넷수동추가\n6️⃣수량확인\n7️⃣완료']",C:\Users\user\Downloads\Telegram Desktop\ChatExport_2026-02-02 (1)\messages.html,2076
2023-07-28,14:22,불타는청춘,⚡️ 고팍스 이스크라 거래 이벤트,deposit_withdrawal,,"ISK,GOPAX,USDC","['⚡️ 고팍스 이스크라 거래 이벤트\n\n이번엔 상금이 USDC네요', '기간 중 상위 10명에 들어야하니 눈치플레이가 중요해보입니다', '참고로 고팍스 이스크라는 클레이튼 체인만 지원하니 오입금 사례 없으시기 바랍니다']",C:\Users\user\Downloads\Telegram Desktop\ChatExport_2026-02-02 (1)\messages.html,2102
2023-07-28,14:23,불타는청춘,🔍 숙제가 하루에 백만개씩 늘어나는 시장.,listing,,"DEBANK,VC,DMS,HI,DEAD","['🔍 숙제가 하루에 백만개씩 늘어나는 시장', 'Ambient Finance, Debank\n\n안녕하세요 학식입니다', '현재 에어드랍 시장은 과포화상태라고 봐도 무방한데요, 그중에서 제가 하고있는 숙제에 관해 포스팅 해볼까 합니다', '➡️Ambient Finance\nAmbient Finance는 출시 초반부터 계속 유동성 공급중입니다', '지금은 ",C:\Users\user\Downloads\Telegram Desktop\ChatExport_2026-02-02 (1)\messages.html,2104
2023-07-28,19:37,불타는청춘,"[싸커넥 시즌 3, CyberTrek 참여하기]",general,"Binance,OKX","NFT,TOP,MINI,POST,BNB,EC","['Account Abstraction을 적용한 CyberAccount를 체험해볼 수 있는 이벤트', '지원 네트워크: 폴리곤, 리네아, 옵티미즘, 아비트럼, BNB', '기간: 7월 24일~9월 24일 (2개월)', '참여 조건: 얼리서포터 NFT 민팅한 주소 (https://link3.to/cyberconnect/post/92e4477c7833a3e8a",C:\Users\user\Downloads\Telegram Desktop\ChatExport_2026-02-02 (1)\messages.html,2110
2023-07-29,10:47,불타는청춘,✅Plexus,listing,,PLEXUS,"['✅Plexus\n\n이미 에드헌터들은 포인트적립중\n트윗/디코연동시 추가포인트지급\n8월말종료', '포인트연동코인에드예상\n거래소 상장가능성 높음\n\n✅하는방법\n1️⃣사이트접속\n2️⃣지갑연결\n3️⃣상단Leaderboard클릭\n4️⃣본인포인트체크\n5️⃣스왑거래하기\n6️⃣포인트가이드내역참조\n7️⃣완료']",C:\Users\user\Downloads\Telegram Desktop\ChatExport_2026-02-02 (1)\messages.html,2121
2023-07-29,16:40,불타는청춘,🎁 Everscale BAPPEBTI 화이트리스트 등록 기념 에어드랍 이벤트,deposit_withdrawal,Bithumb,EVER,['31 (일) [빗썸 계정으로 일괄 발송]'],C:\Users\user\Downloads\Telegram Desktop\ChatExport_2026-02-02 (1)\messages.html,2124
2023-07-30,12:49,불타는청춘,[ Galxe 팔로업하고 있는것들 + 시리즈물 간략히 참여하고 있는것들 ],deposit_withdrawal,,"SAGA,NFT,IO,SUMMER,LP,APP","['Lifi', 'Timeswap', 'zkEVM Saga', '다른 채널에서도 많이 보셨을듯.. 총 6주차로 진행되는 zkEVM Saga. 일반 자격증명 방식과 유사', 'MES PROTOCOL', '기타 시리즈 이벤트물들', 'zklink', 'Braavos']",C:\Users\user\Downloads\Telegram Desktop\ChatExport_2026-02-02 (1)\messages.html,2132
2023-07-31,18:01,불타는청춘,🏦 어제 디뱅크 리워드풀 꿀팁 후기 및 Q&A,deposit_withdrawal,,RV,"['뽑기통 씨뿌리니 다음날 $6 들어옴', '실제로 출금해서 돈으로 쓸 수도 있음.', '저는 그냥 제 글에 리워드 풀 넣기로 씀', '이렇게 공짜로 RV 채굴 높이기 할 수 있음.', 'RV는 실제 돈을 주지 않음. 글 자체의 가치 척도', '저는 이 RV가 에드 가산점 있을거라 생각', '그래서 돈 캐서 리워드 풀에 박아넣고 글 씀', '만약 RV 디뱅",C:\Users\user\Downloads\Telegram Desktop\ChatExport_2026-02-02 (1)\messages.html,2142
2023-08-02,14:13,불타는청춘,🔥 비트마트 여름 신규가입 초간단 이벤트,deposit_withdrawal,,"KYC,USDT,BONUS,PS,JOIN","['신규 유저는 간단히 150 USDT 획득 가능', '신규 + 기존 유저는 최대 10,000 USDT 보상 획득 가능', '회원가입', 'KYC2 인증', '이벤트 페이지 Join Now 꼭 누르기', '끝']",C:\Users\user\Downloads\Telegram Desktop\ChatExport_2026-02-02 (1)\messages.html,2182
2023-08-02,19:03,불타는청춘,🌠 누리토피아 플랫폼 공식 런칭기념 %100K 체험 이벤트,listing,Gate.io,"KRW,JA,RH,EVENT,APP,KO","['보상 : 총100K$ 상당의 토큰', '기간 : 2023.08.01 ~ 2023.08.31', '구글스토어 및 앱스토어에서 Nuritopia 설치 후 가입', '4개의 Quest 미션 진행', '프로필에 자신의 MBTI 삽입 ( 50NBLU + 500rh )', 'In app 미션달성시 최대 1000NBLU +1000rh', '후기 및 피드백 작성 ( ",C:\Users\user\Downloads\Telegram Desktop\ChatExport_2026-02-02 (1)\messages.html,2195
2023-08-02,22:59,불타는청춘,🪓 나만의 1계정 채굴기 - Ultiverse 편,funding,Binance,"NFT,WEB,ZEALY,ES,AAA,MMORPG","['🪓 나만의 1계정 채굴기 - Ultiverse 편\n\n➢ 리스크 : 📉\n➢ 귀차니즘 : 📈\n➢ 기댓값 : 📈\n\n Ultiverse는 AAA급 MMORPG + 메타버스를 기획하고 있는 프로젝트입니다', ""$18.5M 펀딩을 받았으며, 시드라운드 리드 투자자가 '바이낸스 랩'입니다"", ""Ultiverse는 디스코드 활동, Zealy, 그리고 미션 ",C:\Users\user\Downloads\Telegram Desktop\ChatExport_2026-02-02 (1)\messages.html,2224
2023-08-02,23:27,불타는청춘,♥️ 비트마트 8월이벤트 (1500불),deposit_withdrawal,,"KYC,VOLUME,USDT,BONUS,KOL,JOIN","['KYC하고 50달러 받기', '1001불 이상 입금 하고 50달러 받기', '1000불 이상 거래량채우고 50달러 받기', '비트마트 신규가입', '이벤트페이지 등록', '입금거래하기']",C:\Users\user\Downloads\Telegram Desktop\ChatExport_2026-02-02 (1)\messages.html,2236
2023-08-02,23:55,불타는청춘,🔥코인캐치 가입보상100불 + 30%입금페이백,deposit_withdrawal,Bitget,"IP,AM,KYC,CS","['KYC완료시 50불 (매일 선착순 100명)', '휴대폰 연동시 50불  (매일 선착순 100명)']",C:\Users\user\Downloads\Telegram Desktop\ChatExport_2026-02-02 (1)\messages.html,2237
2023-08-03,07:13,불타는청춘,🔥비트메이크 신규가입 50+55 ( +120),deposit_withdrawal,,"IP,KYC",['비트메이크 신규가입후 KYC'],C:\Users\user\Downloads\Telegram Desktop\ChatExport_2026-02-02 (1)\messages.html,2240
2023-08-04,15:49,불타는청춘,✅ 부리또 월렛 X DTR 토큰 에어드랍 이벤트,deposit_withdrawal,Bithumb,"HCD,WEB,DTR,CGOZEH,IOS","['✅ 부리또 월렛 X DTR 토큰 에어드랍 이벤트\n\n빗썸의 Web3 지갑 부리또 월렛에서 IOS 버전 상용화 베타 서비스를 기념하여 싸이월드 친구초대 시즌2 이벤트를 진행합니다', '기간은 8월 2일부터 8월 16일까지 진행되며 안드로이드 아이폰 구별없이 부리또월렛 신규 가입자라면 모두 참여 가능한데요\n\n1️⃣ 부리또 앱 설치 후 지갑생성\n2️⃣",C:\Users\user\Downloads\Telegram Desktop\ChatExport_2026-02-02 (1)\messages.html,2277
2023-08-04,20:39,불타는청춘,📕 MVL 에어드롭 이벤트,general,MEXC,"MVL,TOP,MEXC,BMVL","['3,000bMVL 지급(선착순 150명)', '150명 중 가장 빠르게 이벤트 참여를 완료한 TOP 10명에게 추가 10,000bMVL 지급', 'MEXC 지갑에 1,000bMVL 또는 1,000 MVL 을 보유', 'MEXC 지갑에 보유한 bMVL 스크린샷 찍기', '구글폼을 통해 스크린샷 이미지 제출하면 참여 완료']",C:\Users\user\Downloads\Telegram Desktop\ChatExport_2026-02-02 (1)\messages.html,2286
2023-08-07,21:23,불타는청춘,[스타크넷 DEX RabbitX 2차 에어드랍 이벤트 소개 및 참여방법],airdrop,"Bithumb,OKX","MP,NAVER,BLOG,HTTPS,COM,OKX","['RabbitX는 스타크넷 위에 구동되는 선물 DEX로 19.5M$가량의 투자를 유치했으며, 이벤트 참여자들에게 에어드랍을 예고한 상태', 'OKX벤쳐스, 세콰이어, 크립토닷컴 등의 투자', '스타크넷 grants program에 선정, 추후 스타크넷 토큰을 받을 수 있는 가능성 있음', '현재 처음 인증할 때를 제외한 거래 시 가스비 0$', '8월 1",C:\Users\user\Downloads\Telegram Desktop\ChatExport_2026-02-02 (1)\messages.html,2327
2023-09-14,00:58,불타는청춘,"🪙 zksync 에어드랍을 위한 ETH 메인넷 싸고, 가성비 있게 트젝 찍는방법 공유.",deposit_withdrawal,OKX,"NFT,ZORA,ZKSYNC,ETH,OKX","['먼저 zksync 에어드랍 관련하여 이더리움 메인넷 트젝활성화가 언급되었음.', 'Zora체인  활성화 ( Zora 는 최근 에어드랍 관련해서, 약관을 변경 한바 있고, 에어드랍 고수들이 파밍중)', '이더리움 트젝을 찍어, zksync 에서 말한 이더체인 활성화 가능.', '이더체인에서 민팅가격이 0.00222ETH 로 되어 있지만, 민팅시 Zora ",C:\Users\user\Downloads\Telegram Desktop\ChatExport_2026-02-02 (1)\messages.html,2613
2023-09-14,00:59,불타는청춘,"🪙 zksync 볼륨작업 후, 저렴하게 탈출가능 한 브릿지 공유",deposit_withdrawal,,"ERA,DYOR,ZKSYNC,ETH,OP,USDC","['Layerswap 은 Optimism 재단으로부터 145K 의 $OP 토큰을 지원받음.', '현재 Optimism 체인으로 브릿지시 수수료의 85%를 $OP토큰으로 리워드 해줌.', '공식브릿지 입금➡️여럿 DEX에서 볼륨작업 ➡️Layerswap', 'zksync era➡️ Optimism (수수료 약 0.002ETH)', '최대 1ETH 만 가능, ",C:\Users\user\Downloads\Telegram Desktop\ChatExport_2026-02-02 (1)\messages.html,2615
2023-09-14,00:59,불타는청춘,🪙 zksync 볼륨작업 최종가이드,deposit_withdrawal,,"ERA,ZKSYNC,ETH,ACROSS,OP,USDC","['공식브릿지용 ETH 메인넷➡️zksync era➡️ 옵티미즘  (어크로스/레이어스왑) 출금', '볼륨작업용 USDC 옵티미즘➡️zksync era➡️각종 DEX 에서 볼륨작 후어크로스/레이어스왑을 통한 출금어크로스/레이어스왑을 통한 출금', '공식브릿지 사용시 ETH 입금시 기위가 쌀때 $2.5~$3 정도 나오나 USDC 입금시 $8~11 나 나옴. E",C:\Users\user\Downloads\Telegram Desktop\ChatExport_2026-02-02 (1)\messages.html,2616
2023-09-15,13:44,불타는청춘,Connext 애드 1시간 30분 전,deposit_withdrawal,,"HTTPS,NFT,ERC","['어떻게든 수량 안주려고 이 악물고 시빌거름', 'NFT 혜택 사실상 없음. 낚시용이였음', '4개의 멀티체인으로 토큰 애드 클레임 가능한데. 막상 거래소는 ERC로만 입금가능해서 팔지도 못함 ㅋ']",C:\Users\user\Downloads\Telegram Desktop\ChatExport_2026-02-02 (1)\messages.html,2621
2023-09-16,23:56,불타는청춘,🏐 비트마트 9월 4470달러 이벤트 (150+3000+320+1000),deposit_withdrawal,,"KYC,YR,KOL,HTTPS,SI,ALXPG","['비트마트 가입하기', '이벤트페이지 JOIN버튼 클릭', '페이지에 보이는 입금거래 충족']",C:\Users\user\Downloads\Telegram Desktop\ChatExport_2026-02-02 (1)\messages.html,2630
2023-09-17,21:30,불타는청춘,🪙 피델리온의 게임 및 EARN 구조 분석,listing,,"NFT,IO,FP,WEB,HTTPS,STAT","['🪙 피델리온의 게임 및 EARN 구조 분석\n\n솔라나의 블록체인 게임 NFT 피델리온의 FP가 WL 기준 5배, 퍼블릭 기준 4배에 준하게 상승해 신고가를 달성, 최근 상장한 유틸리티 토큰 $2080 (일명 치약)도 신고가를 달성하고 있습니다', '그 이유는 현재 이용 가능한 액티브 스테이킹을 통한 루팅으로 짧은 기간만에 원금을 회수할 수 있는 구조기",C:\Users\user\Downloads\Telegram Desktop\ChatExport_2026-02-02 (1)\messages.html,2631
2023-09-18,17:47,불타는청춘,📌누칼협  NFT 시리즈📌,listing,Binance,"NFT,ZK,SNARK,BNB,ZECREY","['📌누칼협  NFT 시리즈📌\n\n✅ Zecrey Chameleon - Zecrey가 초기기여자들을 위해 발행한 4740개의 NFT 컬렉션입니다', '팀은 메인넷 런칭을 비롯한 여러 이벤트에서 NFT 홀더들을 위한 액티비티를 약속했습니다', '🔎 Zecrey는 폴리곤 그랜츠를 받은 후, 스파르탄 리드의 4M의 엔젤투자 그리고 바이낸스의 6M 전략 투자를 ",C:\Users\user\Downloads\Telegram Desktop\ChatExport_2026-02-02 (1)\messages.html,2632
2023-09-18,18:36,불타는청춘,🔥 BITMART 런치패드 - HUT,listing,,"RUN,KYC,HUT,IEO,HIBIKI,USDT","['애니, 만화, 게임과 관련된 디지털 수집품을 제공하는 음악 검색 플랫폼. 음악을 듣고 보상을 받음.', '상장 전 초기 가격 코인 구매 가능', '이후 상장 펌핑 때 팔아서 돈 벌기 가능', 'BITMART 가입 및 KYC', '런치패드 페이지에서 계정당 최대 5티켓 참여 가능 (500 USDT 필요)', '상장 후 홀딩 or 매도로 수익 실현']",C:\Users\user\Downloads\Telegram Desktop\ChatExport_2026-02-02 (1)\messages.html,2635
2023-09-25,22:07,불타는청춘,시드900만원정도동원,funding,Upbit,"GLMR,USDT",['시드900만원정도동원\n0.249에 털고 노헷징\n갚아야하는 물량 10699.06GLMR\n일주일이내 갚을생각으로 \n100%APY기준 일주일이자까지 합쳐서 10800개 내외\n바이비트 롱포지션 잡아서 헷징및 펀비까지노림\n\n바이비트로 보낸건 본전\n업비트로 보낸건 11원개당이득\n\n9200*11\n10만원정도이득\n\n\n\n\n수수료정리\n100,C:\Users\user\Downloads\Telegram Desktop\ChatExport_2026-02-02 (1)\messages.html,2683
2023-10-05,11:59,불타는청춘,"AARK, 얼리버드 LP 시즌2 시작",deposit_withdrawal,,"LP,OR,ALP,TGE,AARK","['예치 : $20,000 (레버리지2배)', '수익1 : $1744 $1968', '수익2 : 3962 AARK', '수익3 : 포인트로 소소한 상자깡']",C:\Users\user\Downloads\Telegram Desktop\ChatExport_2026-02-02 (1)\messages.html,2713
2023-10-10,15:08,불타는청춘,"넥스트 롤빗, 셔플",deposit_withdrawal,Bithumb,"WAGER,NPD,SIGNED,SEP,CS,BY","['Auto-mode', '$10', '1.02-1.04 배율로']",C:\Users\user\Downloads\Telegram Desktop\ChatExport_2026-02-02 (1)\messages.html,2717
2023-10-19,22:43,불타는청춘,⭐ DappOS Airdrop 작업하기,airdrop,Binance,"DAPPOS,DYOR,USDT,LSD,WALLET","['DappOS 는 바이낸스 랩스 및 최근 7월 시드라운드 에서 세콰이어 리드투자 벨류에이션 50M 을 측정받음', '얼마전 1차 생태계 기여자들에게 리워드를 제공 ($40 ~ $1000USDT)', '현재 생태계 참가자들은 15000명 정도로 매우 저조하게 참여중. 가볍게 소액으로 생태계 기여를 한다면 추후 에어드랍을 노려볼수 있을듯함.', 'DappOS",C:\Users\user\Downloads\Telegram Desktop\ChatExport_2026-02-02 (1)\messages.html,2729
2023-10-20,17:03,불타는청춘,🔥 OKX - $SPURS 점프스타트(런치패드),listing,OKX,"SOCIOS,IDO,KYC,TIP,CHZ,PS","['총 공급량 : 40,000,000', '획득방식 : 마이닝(채굴)', '스테이킹 토큰 : OKB/CHZ', 'OKX 회원가입 및 KYC 완료', '점프스타트 페이지 접속', 'CHZ 또는 OKB 스테이킹 후 채굴', '채굴했던 SPURS 코인 상장 후 수익']",C:\Users\user\Downloads\Telegram Desktop\ChatExport_2026-02-02 (1)\messages.html,2731
2023-10-27,23:31,불타는청춘,😌바이낸스 MEME채굴,funding,"Binance,OKX","KYC,NBNB,NAPY,MEME,VENUS,BNB","['😌바이낸스 MEME채굴\n\n전체 토큰공급량 : 69,000,000,000(690억)\n초기 토큰공급량 : 8,797,500,000(88억),12.75%\n\n📆기간 : 10', '28 오전9시(30일)\n\n사용자별 캡은 OKX하고 다르게\n전체풀의 12.5%(ㄷㄷ) 없는거나 마찬가지\n\n🔥전략\nVENUS에서 대출\nBNB숏(잡거래소 펀비까지 다봐",C:\Users\user\Downloads\Telegram Desktop\ChatExport_2026-02-02 (1)\messages.html,2733
2023-11-01,08:56,불타는청춘,🤝 0.5 ZTX를 꿈꾸며 소액 민팅,listing,Binance,"NFT,FOMO,ATTICC,DYOR,ZTX,ETH","['🤝 0.5 ZTX를 꿈꾸며 소액 민팅\n\n공식 링크 \n\n얼마 전, 바낸에서 핫했던 사이버 커넥트 생태계의 dApp인 소셜파이 프로젝트인 ATTICC가 현재 NFT 퍼블릭 라운드를 진행 중입니다', '· 개당 0.039eth라는 부담 없는 가격\n· 전체 토큰의 7%를 에어드랍으로 제공\n· TGE 20%, 80%는 매월 선형 베스팅\n· 싸이버가 ",C:\Users\user\Downloads\Telegram Desktop\ChatExport_2026-02-02 (1)\messages.html,2758
2023-11-04,15:14,불타는청춘,"🔎초기부터 팔로업을 해 왔던 KiloEx에서 최근,",deposit_withdrawal,,"KILOEX,BNB,POINT,OPBNB,OP","['Bnb,OpBnb 어디서 하는게 좋아요?', 'OpBnb에 Bnb를 보내고 싶은데 어디서 보내야 하나요?', '2000$입금하면 Point주는 일일퀘스트,넣다뺏다 해도 되나요?', 'Point 얼마나 쌓여요?']",C:\Users\user\Downloads\Telegram Desktop\ChatExport_2026-02-02 (1)\messages.html,2765
2023-11-09,15:33,불타는청춘,📶 VERTEX 사전채굴 단계는 종료 이제 새로운 국면,listing,,"EPOCH,VRTX,COMENT,VERTEX,ARB,LBA","['LBA와 $VRTX 물량 13일에 클레임 가능', 'LBA에 넣은 유동성 빼기 20일까지 가능', '그리고 상장', '이제부터 시작되는 $ARB 리워드']",C:\Users\user\Downloads\Telegram Desktop\ChatExport_2026-02-02 (1)\messages.html,2804
2023-11-13,07:34,불타는청춘,💰솔라나 초신성? (에어드랍),bridge,,"NFT,SOL,PYTH,LINK,JITO,ORCA","['$JUP 주피터', '$JITO 지토', 'Backpack / Madlads(NFT)', '거래소 만들예정 웨잇리스트 등록 : 링크', '크롬확장 월렛 / 앱스토어 / 구글스토어', '매드랟즈 NFT 백팩 지갑에서 스테이킹 가능', '매드랩스(약세장 속에 피어난 현재 솔라나 대장 NFT / 솔라나는 NFT 유명했었다라고 전해들음)', '$Pyth  피스",C:\Users\user\Downloads\Telegram Desktop\ChatExport_2026-02-02 (1)\messages2.html,2818
2023-11-15,15:00,불타는청춘,TIDE 100% 에어드랍 이벤트,listing,,TIDE,"['TIDE 100% 에어드랍 이벤트\n\n타이달 플랫츠의 $TIDE 코인원 상장 기념 이벤트입니다', '코인원에서 진행하는 이벤트랑 다른 별개의 자체 이벤트라 코인원 이벤트와 중복참여 가능', '🎁 리워드\n100 $TIDE (참여자 전원)\n\n📌 참가 방법\n1) 코인원에서 $TIDE 거래 (거래량 2000 TIDE 달성)\n2) 구글폼 제출\n\n*",C:\Users\user\Downloads\Telegram Desktop\ChatExport_2026-02-02 (1)\messages2.html,2837
2023-11-16,17:12,불타는청춘,🍜토큰 출시가 거의 확정된 온체인 옵션 거래 프로토콜 Thetanuts Finance 소개,arbitrage,Bithumb,"GALXE,ROLE,MAGNUS,ZEALY","['크립토 유저들은 현물, 선물 거래는 익숙함', '하지만 상대적으로 어려운 옵션에 쉽게 접근할 수 있게 함.', '전략에 따라 구분된 볼트로 쉽게 옵션을 이용한 수익창출이 가능', '시기는 알 수 없으나 Role, 포인트 제도가 있음', ""볼트 예치, 활동에 따라 얻게된 포인트는 '달달한 보상'을 위한 기준"", '2022년 3월 삼화살, 데리빗, 점프크립",C:\Users\user\Downloads\Telegram Desktop\ChatExport_2026-02-02 (1)\messages2.html,2851
2023-11-17,15:43,불타는청춘,PYTH 는 OKX 상장 예정인 코인입니다.,listing,OKX,"NFT,LAD,DROP,KYC,SOL,MAD","['Backpack 거래소 가입하기 (KYC 필수)', '11/18일~11/19일까지 솔라나 스테이킹하면서 스냅샷을 찍음', '스테이킹 해제하면 완료', 'KYC의 경우 시간이 조금소요가 되지만, 운전면허증으로도 가능함(빠르면 1시간안)', '5 SOL 의경우, 1배숏을 통한 헷징 혹은 론을 통해 빌리면 리스크를 최대한 줄일수 있음', 'PYTH 의 수량과",C:\Users\user\Downloads\Telegram Desktop\ChatExport_2026-02-02 (1)\messages2.html,2865
2023-11-18,16:47,불타는청춘,🍜아난...아니 AARK VIP 프로그램(Celestials) 런칭,airdrop,Hyperliquid,"DROP,BEAT,ALP,FEE,TGE,AARK","['🍜아난...아니 AARK VIP 프로그램(Celestials) 런칭\n\n여러가지 혜택이 있지만, 제일 눈에 띄는건 수수료 할인 X 더 높은 토큰 추가보상, 프로토콜 유저 + 활동적인 커뮤니티 유저 선정', '$AARK를 캐시는 분들이라면 안할 이유가 없음', '디스코드에서 알랑방구를 뀌어보자 클릭\n\n1️⃣ AARK 수수료 무료존 활용하기\n아크는 ",C:\Users\user\Downloads\Telegram Desktop\ChatExport_2026-02-02 (1)\messages2.html,2870
2023-11-20,19:50,불타는청춘,:: $PYTH 해외 동시상장 수익전략,listing,"Bithumb,Gate.io,MEXC","IO,MEXC,BINGX,PYTH,TIA,GATE","['기본적으로 지난 셀레스티아($TIA) 전략과 일맥상통', '현선갭', '상장 초기 가격 불안정성으로 인해 갭발생 가능. MEXC, BingX, Gate.io. 선물페어 상장하는 거래소를 주목할 것', 'MEXC 다계정 필수, 아시죠?', '하따(매매)', '초기유통량 15억개', '매매니까 할거면 반드시 비중 조절', '점프크립토 묻었다고 하긴 하던데.",C:\Users\user\Downloads\Telegram Desktop\ChatExport_2026-02-02 (1)\messages2.html,2879
2023-11-21,12:48,불타는청춘,✅패러다임이 투자한 Blast 파헤치기,deposit_withdrawal,,BLAST,"['이더리움 기반 새로운 L2 프로젝트', '기존 L2에서는 이더리움 스테이킹에 대한 수익 X', 'Blast에서는 이더리움 스테이킹 하면 수익률 제공(자동 복리 이자) + 자체 보상 제공', '블러, 프렌드텍의 패러다임, @StandardCrypto가 투자', '에어드랍을 대놓고 명시하고 있음.', '포인트 파밍에 참여하려면 이더를 브릿지해야 하는데 가스",C:\Users\user\Downloads\Telegram Desktop\ChatExport_2026-02-02 (1)\messages2.html,2882
2023-11-25,12:42,불타는청춘,"🔎오랜만에 정리해보는 미출시된 L1, L2 프로젝트🔎",funding,Binance,"ZK,LD,KINTO,INITIA,PROOF,ZEALY","['🔎오랜만에 정리해보는 미출시된 L1, L2 프로젝트🔎\n\n✅ Initia - 바이낸스가 투자한 L1 프로젝트입니다', '레이어1기반으로 L2 앱체인일 빌딩되는 생태계를 그리는 중입니다', '디스코드에서 코드 관련 기여자들에게 한해 컨트리뷰터롤을 뿌린 적이 있습니다', '👉Initia 디스코드\n\n✅ Layer N - 파운더스펀드로부터 투자받은 L2 ",C:\Users\user\Downloads\Telegram Desktop\ChatExport_2026-02-02 (1)\messages2.html,2926
2023-12-04,18:22,불타는청춘,"⚡️ 위믹스 코인을 이용한 돈복사 전략 1편, Kroma 에어드랍 노리기",airdrop,"Upbit,Bithumb","IP,KROMA","['⚡️ 위믹스 코인을 이용한 돈복사 전략 1편, Kroma 에어드랍 노리기\n\n최근 위믹스 가격이 업빗썸 상폐 직전보다 높이 올라가면서 다시 주목을 받고 있습니다', '게다가 최근 중국으로부터 5천억이라는 큰 ip 계약을 성공시키면서 위메이드의 지갑이 아주 빵빵하다는데요\n\n이런 상황에서 위믹스 코인 하나도 없는 사람이 뭘 할 수 있을까?를 고민해 본",C:\Users\user\Downloads\Telegram Desktop\ChatExport_2026-02-02 (1)\messages2.html,2979
2023-12-05,16:31,불타는청춘,생일축하하면돈주는메타,general,Bithumb,"HTTPS,BOARD,COM,CAFE,VIEW","['기간 : 12/6(수) 10시 ~ 23시 59분 (단 하루!)', '혜택 : 참여자 전원 100% 비트코인 10개 (약 5억원) N빵', '지급일 : 12/11(월)', '참여방법']",C:\Users\user\Downloads\Telegram Desktop\ChatExport_2026-02-02 (1)\messages2.html,2984
2023-12-07,10:46,불타는청춘,"🏐 12월13일까지, 코인캐치 기존회원 이벤트  25% 입금페이백",deposit_withdrawal,,IP,"['코인캐치 국내 유일혜택 가입하기 (수수료 50% 자동페이백, 0.01 0.03 폼작성후 톡남겨주세용)', '이벤트페이지2 에서 등록버튼 클릭후, 입금']",C:\Users\user\Downloads\Telegram Desktop\ChatExport_2026-02-02 (1)\messages2.html,3000
2023-12-11,01:23,불타는청춘,🧐 에어드랍 있는 솔라나 생태계 프로젝트 & 효율적 전략 가이드,deposit_withdrawal,,"NFT,SOL,LEND,HQ,COM,BANX","['WALLET', 'https://x.com/phantom', 'https://x.com/solflare_wallet', 'DEFI', 'https://x.com/Kamino_Finance', 'https://x.com/marginfi', 'https://x.com/MarinadeFinance', 'DEX Perps', 'https://x.com/Drif",C:\Users\user\Downloads\Telegram Desktop\ChatExport_2026-02-02 (1)\messages2.html,3019
2023-12-11,16:10,불타는청춘,✅ INJ 생태계 에어드랍 파밍,deposit_withdrawal,,"NFT,LP,INJ,TAILS,BY,JITO","['INJ 스테이킹', 'NFT 마켓 볼륨작', '특정 토큰 or NFT 홀딩', 'INJ 스테이킹', '볼트 입금(선택)', '스왑', '지정가 스왑', '선물 트레이딩&LP 봇', 'ProtocolTails', 'BlackPanther']",C:\Users\user\Downloads\Telegram Desktop\ChatExport_2026-02-02 (1)\messages2.html,3021
2023-12-12,17:42,불타는청춘,"🪙 돌아온 꿀통, 불장에 딱맞는 게이트IO VIP 이벤트",listing,"Binance,Gate.io","IO,ORDI,KYC,VIP,GATE,USDT","['🪙 돌아온 꿀통, 불장에 딱맞는 게이트IO VIP 이벤트\n\n불장에 코인홀딩하면서 부가수익내기 좋은게 이만한게 없는거 같아서 징징거리며 받아온 게이트IO VIP 행사입니다', '아시는 분들은 아시겠지만, 특정 예치량 혹은 특정 거래량을 채우면 VIP 등급을 주고\n\n그에 따라 VIP기간동안 신규 코인 상장 획득을 노릴 수 있는 스타트업에 참여해 신규",C:\Users\user\Downloads\Telegram Desktop\ChatExport_2026-02-02 (1)\messages2.html,3039
2023-12-13,06:02,불타는청춘,"📈 빗썸, WEMIX 코인 에어드랍",airdrop,Bithumb,"WEMIX,BTC,LINK","['빗썸 로그인', '더보기 > 고객센터 > 쿠폰 이동', ""'WEMIX-YOU' 입력하고 등록"", '12/20~22일 사이 수령하면 됨']",C:\Users\user\Downloads\Telegram Desktop\ChatExport_2026-02-02 (1)\messages2.html,3042
2023-12-13,21:43,불타는청춘,⚡️ 개꿀통 위믹스 X 거래소 이벤트,general,Bithumb,"WEMIX,WALLET","['고팍스 : 일일/누적 거래량 + 랜덤 추첨', '코빗 : 누적 거래량 + 랜덤 추첨', '빗썸 : 일일 거래량 이벤트']",C:\Users\user\Downloads\Telegram Desktop\ChatExport_2026-02-02 (1)\messages2.html,3049
2023-12-14,15:44,불타는청춘,"🏐 12월20일까지, 코인캐치 기존회원 이벤트  25% 입금페이백",deposit_withdrawal,,IP,"['코인캐치 국내 유일혜택 가입하기 (수수료 50% 자동페이백, 0.01 0.03 폼작성후 톡남겨주세용)', '이벤트페이지2 에서 등록버튼 클릭후, 입금']",C:\Users\user\Downloads\Telegram Desktop\ChatExport_2026-02-02 (1)\messages2.html,3061
2023-12-14,20:30,불타는청춘,🪂 GRVT 반드시 미리 가입!,deposit_withdrawal,,"ZK,VC,PHASE,MATTER,ZKSYNC,UN","['초대링크로 접속 후 가입 (TD3UN21 코드 사용, 최대 35명까지 가입 가능)', '이메일 인증 완료', '가입 후 30일뒤 미스터리 박스 지급']",C:\Users\user\Downloads\Telegram Desktop\ChatExport_2026-02-02 (1)\messages2.html,3062
2023-12-18,23:38,불타는청춘,✅ AIRian 크리스마스 선물 이벤트: 상장 전에 획득 ㄱㄱ,listing,,"RT,WEB,GOOGLE,IP,KST,RUNNER","['선착순 5천명: $20 AIR 토큰', '랜덤 보상: 1등 $600 2등 $300 3등 $100 상당 USDT', 'Runner-x앱 다운로드 (IOS / AOS)', '이벤트 트위터 팔로우 + 좋아요 + RT + 태그 3', 'AIRian Discord 참여', 'AIRian 텔레그램 참여', 'Google 폼 작성']",C:\Users\user\Downloads\Telegram Desktop\ChatExport_2026-02-02 (1)\messages2.html,3086
2023-12-19,19:25,불타는청춘,🔥New Paradigm과 만타 생태계 노려볼만한 주요 에어드랍 정리🔥,bridge,Binance,"HYOJIN,PARAFI,LP,PERP,TIA,WETH","['🔥New Paradigm과 만타 생태계 노려볼만한 주요 에어드랍 정리🔥\n\n📝뉴 패러다임 - 블라스트를 저격하면서 나온 만타네트워크의 새로운 캠페인입니다', '이더리움과 USDC를 브릿지하여 기본적인 디파이 수익률 + 만타토큰 보상을 받을 수 있습니다', '독특한 점은 브릿지 후 변환된 이더리움과 USDC를 만타네트워크 상 여러 디파이 플랫폼에서 사용",C:\Users\user\Downloads\Telegram Desktop\ChatExport_2026-02-02 (1)\messages2.html,3102
2023-12-19,19:50,불타는청춘,$MANTA + $MSBP 노려보자.,airdrop,,"EIGEN,TGE,TOKEN,ETH,STONE,POINT","['Shoebill V2에 STONE 예치', 'ETH or STONE 대출', 'Manta New Paradigm에 ETH 예치 후 STONE로 스왑', '다시 Shoebill V2에 STONE 예치', '위 과정 반복']",C:\Users\user\Downloads\Telegram Desktop\ChatExport_2026-02-02 (1)\messages2.html,3104
2023-12-20,13:47,불타는청춘,🤪 [Art de Finance] Seeding 런칭 이벤트,airdrop,"Bitget,MEXC","ADF,NFT,MEXC,WEB,LINK,OTX","['Seeding 이란?', 'Seeding 소개글', 'Artiside Link', '참여방법']",C:\Users\user\Downloads\Telegram Desktop\ChatExport_2026-02-02 (1)\messages2.html,3111
2023-12-22,00:55,불타는청춘,🍜AARK Token Mining Epoch 10 채굴단가,listing,OKX,"EPOCH,DROP,MINING,OKX,TOKEN,BEAT","['Fee drop the Beat : $0.167', 'BTC/ETH : $0.1887', 'ALT : $0.1549', 'USDT : $0.2742']",C:\Users\user\Downloads\Telegram Desktop\ChatExport_2026-02-02 (1)\messages2.html,3132
2023-12-22,00:56,불타는청춘,🪙 수이에 올인 선언한 Bluefin 및 곧 상장 가능성?,listing,,"HTTPS,YUZYY,VC,ME","['🪙 수이에 올인 선언한 Bluefin 및 곧 상장 가능성', '원문\n\n바이비트에서 블루핀에 대한 글을 따로 써줌', '대충 수이의 거래량과 시장 점유율을 차지하는데 블루핀이 크게 영향을 끼쳤다는 맥락', '이렇게 얘기해주는거 보면 머..상장은 확정인듯', '오히려 늦을수록 혜자인게 초반에 없던 수이 대동강물 + 수수료 낮춤이 추가됨']",C:\Users\user\Downloads\Telegram Desktop\ChatExport_2026-02-02 (1)\messages2.html,3136
2023-12-28,08:24,불타는청춘,🍜PORT3 분석,listing,"Bithumb,KuCoin","VC,DAU,OR,TGE,PORT","['이미 토큰은 발행된 상태', '1번째 사진이 구 토크노믹스, 3번째 사진이 최신 토크노믹스', '발행량은 10억개', '퍼플릭 세일에 1%가 할당돼있는데 바운스 옥션에 할당된 200만개가 전부가 아닐 것', '800만개는 다른 플랫폼(쿠코인 리드투자..?)에서 진행될듯', '에어드랍되는 PORT3의 개수는 7000만개', '잼은 총 5억개 한도, 에어드",C:\Users\user\Downloads\Telegram Desktop\ChatExport_2026-02-02 (1)\messages2.html,3156
2024-01-01,21:15,불타는청춘,❓자주하는 질문과 답변,deposit_withdrawal,"Binance,OKX","IP,OKX,USDT,USDC","['❓자주하는 질문과 답변\n\n다계정 하면 거래소 돌아올 때 같은 주소 쓰게되는데 어떻게해야하나요', '=>OKX로 입금하기(주소를 여러개 줍니다)\n\n4000USDT가 없으면 못하나요', '=>규모를 10배로 줄이면 400USDT로 할 수 있고 규모를 100배로 줄이면 40USDT로 할 수 있습니다', '40USDT가 없으면 설날에 세뱃돈 받기..',",C:\Users\user\Downloads\Telegram Desktop\ChatExport_2026-02-02 (1)\messages2.html,3177
2024-01-02,02:33,불타는청춘,🔱비교적 간략하게 써 보는 요즘 하는 작업들 🔱,listing,Binance,"ZK,SPACE,ZKLEND,CARV,ZKSYNC,KINZA","['폴리헤데라 <- 클릭 시 포스팅 볼 수 있음 - 매일 민팅하고 엑티베이트 / 폴리곤으로 하는데 소퀘스트가 폴리곤을 병들게해서 조금 비쌈', 'owlto finance  zk 생존 트잭 찍을겸 매일 10계정씩 체크인 함.', 'Carv -  도메인, 플레이 2개를 opbnb 체인 스마트월렛에 충전해서 민팅해야함. space id 생각하면 되는데', 'KI",C:\Users\user\Downloads\Telegram Desktop\ChatExport_2026-02-02 (1)\messages2.html,3180
2024-01-04,10:47,불타는청춘,🤝  포트3 IDO WL를 뿌리는 렉카들을 렉카하는 방장,airdrop,,"IDO,ME,HTTPS,MBMWEB,KARTEL,WL","['🤝  포트3 IDO WL를 뿌리는 렉카들을 렉카하는 방장\n\n에어드랍이 찔끔찔끔 나온다는 것은 TGE 물량이 작고 가볍다는것 아닐까', '그렇다면...우리는 얄밉게 WL를 받아서 채굴자들보다 우위를 점해야 하는것 아닐까?라는 취지로 모아본 테렐그램 PORT3 관련 WL 기브어웨이 이벤트 모음', '➡️ 이벤트 정리글\nhttps://t.me/enjoy",C:\Users\user\Downloads\Telegram Desktop\ChatExport_2026-02-02 (1)\messages2.html,3185
2024-01-06,15:22,불타는청춘,🔥현재까지 나온 QNA3관련 내용 총정리,bridge,Binance,"SOCIAL,VOTE,DEPIN,OPBNB,QNA,AI","['바이낸스 인큐베이터 선정됨', 'OPBNB 체인 지원', 'AI, SOCIAL,DEPIN 내러티브로 잘나가는건 다가짐', '트잭수많아서 OPBNB체인에 기여(NFP와 비슷함)', 'NFP에 비해서 다계정치기가 너무쉬움(421계정 단위로 치는사람들많음) 다만 NFP도 초반에는 다계정치기가 쉬워서 아직 잘 모르겠음', '421계정단위로 매크로 돌리는 이유는",C:\Users\user\Downloads\Telegram Desktop\ChatExport_2026-02-02 (1)\messages2.html,3189
2024-03-31,13:08,불타는청춘,Bybit 상장확정. Velar 에어드랍 작업 완벽정리,listing,Bybit,"VELAR,POOL,STX,LP,BYBIT,FARM","['Velar 에어드랍 작업 완벽정리\n\n1️⃣ 거래소에서 스택스를 구매한다', '3️⃣ 구매한 스택스를 2로 나누고 10을뺀다', '4️⃣ Velar 접속 후 3번의 값만큼 STX  -> aeUSDC 스왑한다', '5️⃣ Pool에서 STX-aeUSDC 예치\n6️⃣ Farm에서 LP 예치를 한다\n7️⃣ 내일 아침 9시에 포인트 확인을 한다\n\n어제",C:\Users\user\Downloads\Telegram Desktop\ChatExport_2026-02-02 (1)\messages2.html,3236
2024-05-26,18:07,불타는청춘,[코인원 런치패드 MON코인 정보],listing,,"MP,MON,HTTPS,BLOG,COM,ROE","['일요일 23:59:59 전까지 코인원에 카카오뱅크 간편입금으로 10만원 / 100만원 입금', '이벤트 코드 AIRDROPMON 등록', '10만원풀, 100만원풀 정해진 수량 N빵이라 여유있으면 100만까지 하는 것이 좋음', '월요일 상장 전에 토큰 지급, 지급 전까지는 원화출금 X', '상장시간 오후 7:30', '상장기준가 205.5원으로, 예상",C:\Users\user\Downloads\Telegram Desktop\ChatExport_2026-02-02 (1)\messages2.html,3258
2024-06-23,07:34,불타는청춘,🔥최근 인기인 veATH STAKING 분석,funding,"Binance,Bybit","DYOR,BYBIT,GAMING,VEATH,NBYBIT,ETH",['🔥최근 인기인 veATH STAKING 분석\n\n1주차(6.14~6.20)\n2주차(6.21~6.27)\n3주차(6.28~7.4)\n\n1주차 보상을 받으려면 14일전에 넣어야함\n6.27일 전에 staking했으면 3주차부터 보상 받을수있음\n\ntokenomics상으로\n전체물량 42B중 15%인 6.3B(63억개)가 ecosystem에 할당됨\n,C:\Users\user\Downloads\Telegram Desktop\ChatExport_2026-02-02 (1)\messages2.html,3278
2024-06-29,03:17,불타는청춘,🟢 2024년 상반기 에어드랍 작 결산 / 기록용 +  반성용,listing,"Upbit,Bithumb,Bitget","TOP,WEB,RSIC,BNB,BTC,PIZZA","['Port3 = 그마 10계정 +스카이 3계정 했는데 대충 그마 9계정만 인정되었음', '머니워크 비트게임 = 트레이서에서 나온 web3인가였는데 대충 0.007 btc 받음', '스마트레이어 = 대충 80계정인가 고양이만 받아뒀는데 8계정인가 에드 받음', '룬스톤 = Honk라고 씹스캠 btc 늪 민팅 과거에 했다가 아다리 맞아서 2계정 받음', '슈",C:\Users\user\Downloads\Telegram Desktop\ChatExport_2026-02-02 (1)\messages2.html,3296
2024-07-02,02:21,불타는청춘,Solayer 정리,deposit_withdrawal,,"EPOCH,SOL,HTTPS,APP,IW,INVITE","['입금한 금액', '예치한 기간', '기본 SOL 입금한 사람 추가 승수제공', '10 SOL 이상 예치', 'LST 풀 중 한 군데 이상 예치(그냥 솔 말고 다른 스테이킹 솔)', '에포크0 참여', '최소 3개의 에포크에 참여', '추천한 유저가 입금(셀페럴으로 밑에 하나 넣기)', '최소 5명의 유저초대']",C:\Users\user\Downloads\Telegram Desktop\ChatExport_2026-02-02 (1)\messages2.html,3302
2024-07-08,06:00,불타는청춘,TOKEN기반 CASINO PIGMO분석,airdrop,,"NFT,WIK,TGE,SHFL,BID,NNFT",['TOKEN기반 CASINO PIGMO분석\n\n총 50억개 물량중 30억개를 NFT에 할당\nNFT발행량 1만개\n\nFDMC 계산으로\nSHUFFLE-$SHFL:236M(코마캡기준)\nROLLBIT-$RLB:200M(DASHBOARD기준)\nSOLCASINO-$SCS:49M(BIRDEYE기준)\nBLOCKCHAIN BETS-$BCB:8M(코마캡기준)\,C:\Users\user\Downloads\Telegram Desktop\ChatExport_2026-02-02 (1)\messages2.html,3305
2024-09-22,11:14,불타는청춘,Solana BreakPoint 뉴스 정리  ✅,deposit_withdrawal,,"NFT,FUNDS,PYTH,DOG,ORACLE,DHABI","['Jupiter , SolanaFM  &  Coinhall 인수 발표', 'Coinbase , cbBTC 솔라나 도입 예정', 'FireDancer , 메인넷 베타 종료 예정', 'Tensor , 코드 오픈 소스 공개', 'Solayer , $SUSDC 리스테이킹 발표', 'Pyth , Oracle Integrity Staking 출시', 'Kamino ",C:\Users\user\Downloads\Telegram Desktop\ChatExport_2026-02-02 (1)\messages2.html,3385
2024-09-26,21:51,불타는청춘,😁바이낸스 상장하는 $HMSTR 무료 에어드랍 받는 방법 3가지,listing,"Binance,OKX","FDUSD,BNB,OR,OKX,HMSTR","['바이낸스 런치풀 (링크)', '참여방법: BNB or FDUSD 사서 HMSTR 보상받기', '장점: 바이낸스에서 진행해서 든든, BNB 홀더라면 공짜로 줌', '단점: 투입 시드 대비 보상이 작음', '바이낸스 슈퍼언 (링크)', '참여방법: HMSTR 사서 예치하고 HMSTR 보상받기', '장점: 바이낸스에서 진행해서 든든, 기간 대비 보상이 큼',",C:\Users\user\Downloads\Telegram Desktop\ChatExport_2026-02-02 (1)\messages2.html,3388
2024-12-23,21:13,불타는청춘,비트겟 현물 SOON 매수 + 멕시 선물 SOON 숏,arbitrage,"Bithumb,Bitget",SOON,"['비트겟 현물 SOON 매수 + 멕시 선물 SOON 숏\n\n현재 갭이 약 15%인데, 최대 캡이 3,000,000 SOON으로 약 천불밖에 안되어서 소액분들이 참여하시면 좋겠네요', '지금 포지션 잡으면 0.00005 * 3000000 = 150불 정도 수익 납니다', '거래소 런치풀처럼 이런 갭 기회도 종종 나는데요, 보통 이런 퍼센트 큰 건 캡이 작",C:\Users\user\Downloads\Telegram Desktop\ChatExport_2026-02-02 (1)\messages2.html,3515
2024-12-23,21:21,불타는청춘,"최근에 move,xion,vana,me등 신규상장되는 코인이 거래소간 현선갭이 잡히는사례가 많음",listing,"Bybit,MEXC,Hyperliquid","MEXC,VANA,BOOK,ME,BYBIT,PNL","['최근에 move,xion,vana,me등 신규상장되는 코인이 거래소간 현선갭이 잡히는사례가 많음\n\n시드가작든크든 이런이벤트는 꼭 참가해야한다고 보는데\n\n주로 Mexc에서 갭이 잡히니 Mexc 다계정을 하는것도 나쁘지 않음, 그대신 pnl-로 되어있는 mexc계정으로 할것을 추천함, 예전 암쏘쏘리사건등을 봤을때 mexc는 믿을수없는 거래소임', '",C:\Users\user\Downloads\Telegram Desktop\ChatExport_2026-02-02 (1)\messages2.html,3518
2024-12-23,21:30,불타는청춘,저는 개인적으로 mx 토큰 만개이상 홀딩중이긴한데,listing,"Gate.io,MEXC","IO,MEXC,MX,HSK,GATE","[""저는 개인적으로 mx 토큰 만개이상 홀딩중이긴한데\n\n장기적으로 봤을때 hsk,gate.io등의 거래소에 비해서 현재 mexc거래소가 가지고있는 장점인 '아무거나 상장해서 mx홀더들한테 이자배분'이 매리트가 떨어진다고 생각함 점점 거래소가 늘어나면서 mexc 포지션의 거래소가 늘어날거고 수익유지를 위해 개잡코인 현물,선물 상장도 늘어날거임(현재보다 더",C:\Users\user\Downloads\Telegram Desktop\ChatExport_2026-02-02 (1)\messages2.html,3519
2025-01-02,03:23,불타는청춘,새해에는 꼭 해놔야할 Backpack 리서치 및 페이백 (2 / 2),airdrop,,"DYM,NFT,FDV,BP,ATH,SPOT","['Madlads NFT', '거래량작을 하려고 하지만 여전히 비싼 DEX수수료', '홍길동 Backpack 35% 페이백', '추가적으로 필요한 거래전략 및 간단한 스크립트']",C:\Users\user\Downloads\Telegram Desktop\ChatExport_2026-02-02 (1)\messages2.html,3552
2025-01-07,18:12,불타는청춘,✅  SONIC 코인 상장시간 정리,listing,"Upbit,Bybit,OKX,Bitget,Gate.io,KuCoin,MEXC","MEXC,SOL,BYBIT,WHALE,KUCOIN,NOKX","['✅  SONIC 코인 상장시간 정리\n\n✍️\n업비트 원상 소식에 후다닥 찾아왔습니다', 'OKX가 출금이 이렇게 빨랐던적이 없던거 같은데 오타일수도 있을거같네요 \n\n\n👉Whale 프리마켓 가격\n\n📍토큰 컨트랙트 (SOL 체인)\nSonicxvLud67EceaEzCLRnMTBqzYUUYNr93DBkBdDES\n\n📌참고 공지 링크\nOKX,B",C:\Users\user\Downloads\Telegram Desktop\ChatExport_2026-02-02 (1)\messages2.html,3576
2025-01-11,02:44,불타는청춘,😈한국인은 참여못하는 SOLAYER 350M밸류로 라운드투자 들어가는법 A TO Z,airdrop,Binance,"ON,IP,PHONE,TGE,BRAIN,VERIFY","['@Needdear 한테 메시지를 날려서 컨택한다', 'VPN(유료)orProxy 를 사용해서 인도네시아 ip에 연결한다(아이피확인)(전 Nordvpn으로 하니깐 잘됬었음)', '링크(레퍼럴없음)접속하여서 팬텀지갑과 연결한다', ""'Verify KYC' 버튼을 클릭하고 'Continue on phone' 버튼을 클릭해서 나온 주소를 @Needdear 한테",C:\Users\user\Downloads\Telegram Desktop\ChatExport_2026-02-02 (1)\messages2.html,3587
2025-01-11,21:02,불타는청춘,😈한국인은 참여못하는 SOLAYER 350M밸류로 라운드투자 들어가는법 A TO Z,airdrop,Binance,"NKYC,KYC,ICO,ZPHVSK,TGE,TO",['😈한국인은 참여못하는 SOLAYER 350M밸류로 라운드투자 들어가는법 A TO Z \n2탄\nKYC대행\nKYC대행관련 문의가 많이와서 급하게 글써봅니당\n @Needdear 이분이 20불에 KYC해주던 분인데 오늘 많이 바쁘셔서 답장이 느리네요\n스캠은 아닌것같은데 많이 바쁜것같아요\n그래서 저도 다른분 알아보다가 @ZPHVSK 이분한테 15불에 구,C:\Users\user\Downloads\Telegram Desktop\ChatExport_2026-02-02 (1)\messages2.html,3593
2025-01-13,03:28,불타는청춘,😈한국인은 참여못하는 SOLAYER 350M밸류로 라운드투자 들어가는법 A TO Z,airdrop,"Binance,Gate.io,KuCoin","FDV,IO,USDY,SOL,KBW,SOON","['주식 공모주 청약과는 다르게 21M이 다 차버리면 즉시 마감되어서 계정+스테이블 코인(USDT,USDC),소량의 sol 준비해놓으시고', '💇\u200d♂️,🟩 프리마켓 판매 해놓으셨으면  해당수량만큼은 무조건 청약하셔야 손해를 안봅니다', '오늘 오후6시50분에 알람맞춰놓으십숑']",C:\Users\user\Downloads\Telegram Desktop\ChatExport_2026-02-02 (1)\messages2.html,3600
2025-01-13,15:43,불타는청춘,😈Solayer 세일 3일 연기,deposit_withdrawal,,"KYC,IP,WALLET,VPN","['새로고침', 'Wallet 비번 풀어보기', 'Solflare,팬텀지갑등 솔라나지갑이 두개이상일 경우에는 지갑 하나빼고 확장프로그램 활성 꺼놓기']",C:\Users\user\Downloads\Telegram Desktop\ChatExport_2026-02-02 (1)\messages2.html,3604
2025-01-19,04:37,불타는청춘,2025 숙제 1st. Hyperliquid EVM 계정 추상화지갑:  Okto,deposit_withdrawal,"Binance,Hyperliquid","GOOGLE,APP,DAPP,TGE,PLAY,ATH","['해야하는 것들이 명확해졌음.', '2025년 대중화를 위한 기술과제중 하나 AA wallet', 'CoinDCX, Okto', 'HyperEVM 및 $Hyper 에어드랍', '팀과 협의한 내용', 'Okto 사용 및 포인트 획득 방법']",C:\Users\user\Downloads\Telegram Desktop\ChatExport_2026-02-02 (1)\messages2.html,3615
2025-01-19,06:42,불타는청춘,🪙솔레이어 할당량 정리,airdrop,"Binance,Gate.io,KuCoin","IO,KYC,KUCOIN,GATE,TGE","['프리마켓이 존재해서 적정가를 대충 짐작할수있었다', '바이낸스에서 투자한 SOLAYER를, 바이낸스출신이 만든 세일플랫폼에서 하는 첫 커뮤니티세일']",C:\Users\user\Downloads\Telegram Desktop\ChatExport_2026-02-02 (1)\messages2.html,3623
2025-01-19,20:08,불타는청춘,🌧 TRUMP 메타에 저위험으로 탑승하는법,arbitrage,Hyperliquid,TRUMP,"['거래소 현선갭', 'DEX-CEX 현선갭', '하이퍼리퀴드 청산 유동성 먹기']",C:\Users\user\Downloads\Telegram Desktop\ChatExport_2026-02-02 (1)\messages2.html,3625
2025-01-19,20:44,불타는청춘,🌧 거래소별 $HYPE 갭 정리및 매매 일지,arbitrage,"Bybit,OKX,Hyperliquid","SPOT,BYBIT,HYPE,NOKX,NBYBIT,OKX","[""🌧 거래소별 $HYPE 갭 정리및 매매 일지\n\n하이퍼리퀴드 거래소 SPOT을 기준가로 '21.68'일때\n하이퍼리퀴드 선물\n가격 : 21.75\n유동성(0.2%안쪽) : 40k\nBYBIT 선물 \n가격 : 21.74\n유동성(0.2%안쪽) : 4k~10k\nOKX 선물 \n가격 : 22.68\n유동성(0.2%안쪽) : 4k~10k\n\n같은 코인",C:\Users\user\Downloads\Telegram Desktop\ChatExport_2026-02-02 (1)\messages2.html,3630
2025-01-22,18:43,불타는청춘,돈잃는게 너무 무서운사람,arbitrage,,"PERP,NPERP","['돈잃는게 너무 무서운사람\n\n저는 돈을 잃을때마다 너무나 고통스러워 돈을 잃는걸 매우매우 무서워합니다\n그래서 크립토 시장에서도 런치풀, 스테이블 파밍, 펀딩비 매매, 아비트라지와 같이 저위험 또는 무위험에 가까운 전략들에 관심을 가지는 이유이기도 합니다\n물론 시드가 작기도하지만, 저는 지금까지 시드의 20%이상을 잃어본적이 없습니다\n\n현물 홀딩",C:\Users\user\Downloads\Telegram Desktop\ChatExport_2026-02-02 (1)\messages2.html,3638
2025-01-30,22:16,불타는청춘,요즘 폼이 가장좋으신 크리스햄이 올려주신 strike런칭 정리,funding,Bithumb,"BET,PANDAS,FDV,SOCIAL,NFT,WEB","['100M이하밸류(FDV)의 구매기회가 초기에 나오면 구매해볼만하다', 'MC가 상당히 낮은 수준이다(초기가격상승 기대가능)', '장기적으로 긍정적이라면, kanpai pandas도 괜찮을거같음']",C:\Users\user\Downloads\Telegram Desktop\ChatExport_2026-02-02 (1)\messages2.html,3651
2025-02-05,20:49,불타는청춘,Goplus 숏 시나리오,listing,"Upbit,Bithumb,Binance,MEXC","FDV,BTOB,MEXC,SCAN,GOPLUS,EV","['유통량 문제', '프로덕트', '고점 예측', '그럼왜 숏을 치려고 하냐']",C:\Users\user\Downloads\Telegram Desktop\ChatExport_2026-02-02 (1)\messages2.html,3657
2025-02-06,00:52,불타는청춘,다계정 치는법 AtoZ (1),deposit_withdrawal,,"GOOGLE,IP,ATOZ,MULTI,EXE,NOTION","['텔레그램 무설치버전을 다운받으시고(영어로는 portable)', '해당 폴더내부에 tdata폴더를 집어넣기', 'telegrma.exe파일 실행하시면 됩니다']",C:\Users\user\Downloads\Telegram Desktop\ChatExport_2026-02-02 (1)\messages2.html,3658
2025-02-15,01:32,불타는청춘,Fragmetric 예치가이드,funding,,"SOL,REWARD,TAB,JTO,POINT,OR","['solayer, Marinade같은 솔라나 리스테이킹 프로토콜', '해시드, 프레스토, 백팩 파운더 한테 이번에 7M 투자받았습니다.', '기본이자 11% + 에어드랍 + 펀딩피도 양수여서 헷징시 펀딩피도 받을수있습니다.', 'Fragmetric 접속(레퍼럴X)', '백팩지갑연결후 SOL or jitoSOL입금(mSOL,BNSOL은 캡 다찼음)', '필",C:\Users\user\Downloads\Telegram Desktop\ChatExport_2026-02-02 (1)\messages2.html,3692
2025-02-28,22:44,불타는청춘,😘LAYER원상시 나왔던 먹을거리,listing,"Upbit,Bithumb,Binance,Hyperliquid","MAX,EV,OI,CAP,TGE,LAYER","['Binance롱, Flipster숏 포지션', 'Hyperliquid롱, Flipster숏 포지션', '새벽구간 현선럴커(현물롱 선물숏)']",C:\Users\user\Downloads\Telegram Desktop\ChatExport_2026-02-02 (1)\messages2.html,3697
2025-02-28,23:18,불타는청춘,PI 상장 시 먹을거리 분석,listing,"OKX,Bitget,MEXC","BITGET,PI,OKX,MEXC","['초기에는 MEXC의 캡이 200개밖에 없었으며, OKX 선물 상장 이후 캡이 점차해제됨.', 'OKX와 BITGET 간 선물 가격 괴리 발생', 'BITGET의 PI 선물 상장이 크게 알려지지 않았음.', '대부분의 매매(숏 포지션)가 OKX에서 이루어져 괴리 발생.', '펀딩비 차이']",C:\Users\user\Downloads\Telegram Desktop\ChatExport_2026-02-02 (1)\messages2.html,3701
2025-03-13,01:33,불타는청춘,"IP 현선벌어지고, 갭보이면 랜딩하는방법",arbitrage,Gate.io,"STORY,IP,ARB,USDC",['스테이블 브릿지'],C:\Users\user\Downloads\Telegram Desktop\ChatExport_2026-02-02 (1)\messages2.html,3716
2025-03-14,20:16,불타는청춘,오늘있었던 ao dex<->cex갭,arbitrage,"Gate.io,MEXC","IO,SYT,PSN,TAB,GATEIO,WG","['오늘있었던 ao dex<->cex갭\n\n아까갭 100%정도 나왔음\n오늘 두번정도 기회있었는데\n처음 대박기회는 자다가놓침..', '첫번째 기회는 mexc풀캡 5k정도 숏가능했었고, 쳤으면 1시간만에 4k수익이었음(계정당)\n300불이 왜 말이안되냐면\nao 300불 = 비트코인캐쉬랑 FDV가 똑같은거였음\n\n두번째 기회는 MEXC핫보고 있었으면 됬",C:\Users\user\Downloads\Telegram Desktop\ChatExport_2026-02-02 (1)\messages2.html,3722
2025-03-17,01:42,불타는청춘,현상황 정리,deposit_withdrawal,Hyperliquid,"TRADER,BB,PNL,HTTPS,CBB,ZH","['트럼프 내부자 고래로 알려진 지갑(0xf3f4)이 84k근방에서 40x로 숏오픈', '점점 포지션을 tswap으로 늘려감(2300btc->4500btc)', 'pnl이 8M근방까지 치솟음', '크립토 인플루언서 cbb가 레이드모집', '진짜로 비트상승시작', '청산가 85.5 도달실패후, 급격한 하락(뚝배기 못터트림)', '현재 0xf3f4는 5M입금후",C:\Users\user\Downloads\Telegram Desktop\ChatExport_2026-02-02 (1)\messages2.html,3730
2025-03-17,06:19,불타는청춘,구독자 1000명 달성 기념 첫 커피 에어드랍 및 자기소개,arbitrage,,"OTT,EV","['구독자 1000명 달성 기념 첫 커피 에어드랍 및 자기소개\n\n2020년, 고등학교 2학년 때부터 OTT 공유 사업을 운영하며 다계정 관리를 본업으로 삼아왔습니다', '자연스럽게 2022년 초에는 에어드랍 작업을 시작으로 크립토 시장에 본격적으로 발을 들이게 되었는데, 공교롭게도 시장에 진입하자마자 루나 사태를 겪으며 시장의 무서움을 먼저 경험했습니다",C:\Users\user\Downloads\Telegram Desktop\ChatExport_2026-02-02 (1)\messages2.html,3734
2025-03-26,01:07,불타는청춘,한달동안 대충 먹었던 것들,listing,"Bithumb,Gate.io,MEXC","MEXC,VC,ORCA,GATEIO,ADL","['ORCA 갭및 펀비', 'Nillion 다계정', '플립스터 런치풀 5계정', 'MEXC 선물 상장하는 VC깔 코인들 클레임트잭보면서 숏 다계정']",C:\Users\user\Downloads\Telegram Desktop\ChatExport_2026-02-02 (1)\messages2.html,3751
2025-03-30,19:22,불타는청춘,최근에는 갭몽현 고수 세 분 하고 여러 가지 먹고 봇도 만들고 있어요.,arbitrage,,"ME,HTTPS,NHTTPS","['최근에는 갭몽현 고수 세 분 하고 여러 가지 먹고 봇도 만들고 있어요', '혼자서 해도 나름 먹을 게 있다고 생각했는데 사람이 4명이 되니 할 일이 4배로 많아졌네요', '할 게 없어서 멍 때리던 때보단 만족스럽습니다', '공개하기에 곤란한 것도 있지만 공개할 수 있는 건 \n\nhttps://t.me/plusevdeal/3751\n\n이 채널에서 대신",C:\Users\user\Downloads\Telegram Desktop\ChatExport_2026-02-02 (1)\messages2.html,3766
2025-04-11,22:52,불타는청춘,😍CLINK x 😌 edgeX 공식 온보딩 기념 이벤트 안내!,general,,"TG,DM,POST,GLEAM,VAULT,AMBER","['CLINK란?', '신규 토큰 세일(Launchpad) & 고수익 풀(Launchpool) 실시간 자동 포착', '거래소 수수료 페이백 제공 (CEX/DEX 모두)', '유저 편의를 고려한 자동 추천 시스템', 'edgeX란?', 'Amber Group 인큐베이팅', '차별화되는 차익거래 & 마켓메이킹 전략 기반의 Vault 투자', '최소 수익 보장,",C:\Users\user\Downloads\Telegram Desktop\ChatExport_2026-02-02 (1)\messages2.html,3776
2025-04-12,01:41,불타는청춘,하는법 !!!,bridge,,"SOCIAL,ARENA,HTTPS,JUMPER,WALLET","['거래소에서 아발란체 보내거나 jumper 가서 브릿지 돌리셈 (30초정도 걸림 )', ""https://arena.social/wallet 가서 Deposit 누르고 아발란체 '삽입'"", 'https://arena.social/Boithebear 들어가서 팁 0.5 아발 보내기 ( 사진 확인 )', '2,800명 안에 들었기를 기도']",C:\Users\user\Downloads\Telegram Desktop\ChatExport_2026-02-02 (1)\messages2.html,3777
2025-04-14,04:12,불타는청춘,간밤에 있었던 mantra 대폭락 사건정리,arbitrage,Bitget,"MANTRA,BSC","['mantra cex폭락->dex는 유동성때문에 급격하게 폭락은안했음', '최대2배가 넘는 갭차이발생', '1차적으로 비트겟 테스트했는데 1분만에 빼줘서 냠냠함', '비트겟에 돈많이 없었어서 그렇게 많이 먹지는못함', '현재 bsc체인 가격갭있는데 브릿지가 없어서 못먹을듯', '혹시나 bsc체인에 mantra가지고 계신분들은 빨리매도,,,,,']",C:\Users\user\Downloads\Telegram Desktop\ChatExport_2026-02-02 (1)\messages2.html,3787
2025-04-23,14:58,불타는청춘,ZEREBRO 왜 이렇게 올랐냐? 데이터로 알아보자,arbitrage,,"NAKED,SOL,COM,ETH,SOURCE,SHORTS","['Open Interest', 'Market Maker : Wintermute', '스퀴즈의 발생', '윈터뮤트가 현물을 팔면서 숏을 커버함', '하지만 Funding Rate는 유의미하기 줄지 않고 계속 음펀비 유지 (개미들이 숏진입 했다는 뜻)', '윈터뮤트가 현물 파는 속도를 줄이자마자 -> 스퀴즈 발생']",C:\Users\user\Downloads\Telegram Desktop\ChatExport_2026-02-02 (1)\messages2.html,3795
2025-05-20,08:59,불타는청춘,[바낸 알파남 어시스트 봇],general,Binance,,"['매일 거래량을 수차례 확인하는 알파남', '그러다 잘못 계산해서 근손실을 겪어본 알파남', '이런 봇 그닥 필요 없지만 할 일 없는 사이버 알파남', '알파남이 되고 싶은 베타남, 감마남, 델타남, 쎄타남, 오메가남']",C:\Users\user\Downloads\Telegram Desktop\ChatExport_2026-02-02 (1)\messages2.html,3830
2025-05-26,07:44,불타는청춘,🌧 오늘있었던 제임스윈 반대포지션 정리,arbitrage,"Binance,Hyperliquid","TSWAP,BP","['제임스윈 이라는 고래가 1B짜리 비트숏 포지션을 잡음', '하리에서 비트음펀비로 전환, 하이퍼리퀴드<->바이낸스 갭이 순간적으로 -100까지 도달', '이후 -60불정도를 유지중', '07:09분 TSWAP으로 물량정리시작, 비트폭등시작', '하이퍼리퀴드<->바이낸스 갭 정리하는 순간 +300불정도로 늘어남', '차트상의 가시고기에서 물량 전부체결됨, ",C:\Users\user\Downloads\Telegram Desktop\ChatExport_2026-02-02 (1)\messages2.html,3845
2025-05-26,23:55,불타는청춘,젊은 금융 전문가 불청입니다.,arbitrage,,"HTTPS,DM,ME","['📉 제임스윈 비트정리갭 으로 전 30억 벌었습니다', '📊 저는 시장의 ‘진짜 흐름’을 읽습니다', '남들이 공포에 떨 때, 저는 ‘롱,숏’으로 웃었죠', '💸 님들도 저한테 자산을 맡기시면, 큰 돈을 버는 건 시간 문제입니다', '❗️월 수익률 78000%, 이미 검증된 결과입니다']",C:\Users\user\Downloads\Telegram Desktop\ChatExport_2026-02-02 (1)\messages2.html,3846
2025-05-30,03:02,불타는청춘,😍CLINK Alpha Lounge – 지금 바로 초대받으세요!,deposit_withdrawal,Bithumb,"ROOM,ALPHA,LOUNGE,VIP,CLINK","['CLINK 독점 지표 제공.', '고급 커뮤니티 정보 공유.', '향후 대회·캠페인 우선 참여권.', 'Flipster 거래소에 CLINK 전용 코드로 가입.', '가입 후, CLINK Alpha Lounge 신청서 작성하기.', '초대 링크 받은 후, 전용 채널 입장 후 혜택 이용 시작!', 'CLINK Alpha Lounge은 CLINK 전용 코드 ",C:\Users\user\Downloads\Telegram Desktop\ChatExport_2026-02-02 (1)\messages2.html,3866
2025-06-01,08:42,불타는청춘,😍 1억 결사대 하셨던 분들은 무조건 주목..!,deposit_withdrawal,,"DRAW,PNL,VOLUME,FEAT,ID,LUCKY","['PNL(수익금)', '대상 : 실력으로 승부! 수익금 상위 트레이더.', '보상 : 총 $12,000', 'Trading Volume', '대상 : 거래량 상위 트레이더.', '보상 : 총 $12,000', 'Deposit', '대상: 거래 없이 입금만 해도 상금에 도전!', '보상: 총 $5,000', 'Lucky Draw']",C:\Users\user\Downloads\Telegram Desktop\ChatExport_2026-02-02 (1)\messages2.html,3872
2025-06-05,21:14,불타는청춘,🦔 멀티체인 지갑 Tomo Wallet,bridge,,"NDEX,GOOGLE,SOL,ETH,MULTI,TGE","['🦔 멀티체인 지갑 Tomo Wallet\n\n주요기능\n🟢Google / Telegram / Twitter / Kakao 계정으로 원클릭 로그인', 'BTC, ETH, SOL, TON, COSMOS 등 7개 체인 완벽 지원\n\n🟢 실시간 트렌드 기능 탑재\nDEX 거래량 급등 페어 & 트위터 핫이슈 키워드 쉽게 확인가능\n매번 트위터/DEX 따로 안 ",C:\Users\user\Downloads\Telegram Desktop\ChatExport_2026-02-02 (1)\messages2.html,3886
2025-06-29,09:33,불타는청춘,"어제 디젠가이님과 잠시 대화하며, 현재 크립토의 상황에 대해 다시 생각해보게 되었습니다.",airdrop,"Upbit,Binance,Hyperliquid","ICO,ERC,TGE","['유리한 권한을 행사하는 자는, 불리한 책임도 져야 한다', '리테일이 원하는 증권성의 당근을 더 많이 제공한다', '유리한 권한도, 불리한 책임도 모두 프로그래밍되어야 한다', '유리한 권한에 책임을 지는 주식인가?', '당근을 내세운 실용적인 탈중앙화인가?', '모든 것을 코드화한 이상적인 탈중앙화인가?']",C:\Users\user\Downloads\Telegram Desktop\ChatExport_2026-02-02 (1)\messages2.html,3907
2025-07-02,17:29,불타는청춘,개인적으로 MEXC 상장숏&양빵을 예전부터 다계정으로 많이 쳤었음,listing,"Gate.io,MEXC","IO,MEXC,MAX,NMEXC,CAP,GATE",['개인적으로 MEXC 상장숏&양빵을 예전부터 다계정으로 많이 쳤었음\n\nMEXC는 보통 처음으로 선물상장을 하다보니\n현물 오라클을 추종합니다(거의 순수 B북이라서 n%이상의 차이값을 거래소에서 받아줌)\n\n하지만 GATE.IO는 잡을수있는 포지션의 제한이없기때문에 유저 오더의 비중이 높습니다(실유저의 볼륨으로 현물가격과의 괴리값이 상장초반에 굉장히 ,C:\Users\user\Downloads\Telegram Desktop\ChatExport_2026-02-02 (1)\messages2.html,3910
2025-07-10,16:19,불타는청춘,펌펀 토큰세일중간정리,funding,"Bithumb,Bybit,Bitget,Gate.io,KuCoin,MEXC,Hyperliquid","MEXC,KUCOIN,NMEXC",['펌펀 토큰세일중간정리\n\n바이빗\n2025년 7월 12일 14:00 UTC ~ 7월 15일 14:00 UTC\n캡 : 200k(50m개)\n\nMEXC\n2025년 7월 12일 14:00 UTC ~ 7월 15일 14:00 UTC\n캡 : 100K(25M)\n토탈 : 1B개 (40명)\n\n게이트\n2025년 7월 12일 14:00 UTC ~ 7월 15,C:\Users\user\Downloads\Telegram Desktop\ChatExport_2026-02-02 (1)\messages2.html,3918
2025-07-12,18:52,불타는청춘,"참고로 제 개인적인 견해는 ""PUMP 세일 참여의 리스크 대비 리워드가 너무 높아서 참여하지 않을 이유가 없다""입니다.",listing,"Upbit,Bithumb,Binance,Hyperliquid","ONLY,THESIS,ME,VC,HTTPS,ICO","['참고로 제 개인적인 견해는 ""PUMP 세일 참여의 리스크 대비 리워드가 너무 높아서 참여하지 않을 이유가 없다""입니다', '* 투자 선택은 본인의 판단입니다\n\n6월 초에 썼었던 thesis는 거의 변함 없고 바이백이 즉시 도입되지 않는다는 것만 달라졌는데, 바이백 도입은 TGE 이후 가격 상승을 위한 호재로 사용하지 않을까 싶네요', 'https:/",C:\Users\user\Downloads\Telegram Desktop\ChatExport_2026-02-02 (1)\messages2.html,3923
2025-07-13,00:51,불타는청춘,혼돈의 펌프펀 세일 총정리✍️,airdrop,"Bithumb,Bybit,Bitget,Gate.io,KuCoin,MEXC","MEXC,BYBIT,REAL,KUCOIN,BITGET,GATE","['총 공급량의 15%인 150B개 (= $600M 가치) 물량 판매 예정이었음', '공홈 세일 + 다양한 거래소에서 판매 진행 (Bybit, MEXC, Bitget, Kucoin, Kraken, Gate)', '밤 11시 판매 시작했는데 갑자기 총 공급량 12.5% = 125B개로 물량 변경됨 (??)', '거래소별 물량 할당된 건줄 알았는데 아니었음. ",C:\Users\user\Downloads\Telegram Desktop\ChatExport_2026-02-02 (1)\messages2.html,3939
2025-07-17,18:12,불타는청춘,✅  ERA 코인 상장시간 정리,listing,"Bitget,MEXC","MEXC,ERA,BSC,CA,BC,DE","['새벽에 가능한가..? ㄷㄷ', '아직 비트겟 , 게아오 등 몇몇 해외 거래소는 아직 공지가 안나왔네요', '토큰 컨트랙트 (ERC20 체인)', '토큰 컨트랙트 (BSC 체인)']",C:\Users\user\Downloads\Telegram Desktop\ChatExport_2026-02-02 (1)\messages3.html,3960
2025-07-25,20:14,불타는청춘,상장하는 코인을 미리 알 수는 없을까?,listing,Upbit,"WALLET,FUNDER,SWEEP","['지갑 파기', 'Funding', '공지 올리고 지갑 활성화하기', '거래 개시하기']",C:\Users\user\Downloads\Telegram Desktop\ChatExport_2026-02-02 (1)\messages3.html,3984
2025-08-06,07:55,불타는청춘,내가 공격적인 매매를 안하는 이유,general,"Upbit,Bithumb",,"['내가 공격적인 매매를 안하는 이유\n\n짤은 챗지피티한테 33살에 30억이 있는 사람이 연 10%씩 80살까지 벌면 재산이 얼마가되는지 물어본거고 대답은 약 2650억원 입니다', '2017년도에 25살 청년이 맨바닥 헤딩으로 코인을 시작해서 지금까지 꾸준하지만 크게 대박은 안나고 열심히 코인을 했으면 대략 33살 정도에 30억 정도 가지고있지않을까',",C:\Users\user\Downloads\Telegram Desktop\ChatExport_2026-02-02 (1)\messages3.html,4024
2025-08-08,20:54,불타는청춘,트롤로 1위홀더 싸피님이 트롤 산 이유와 향후 관점 (바낸 현물 갈 이유),listing,Binance,"SQUARE,BP,NDU,HTTPS,POST,TROLL","['트롤로 1위홀더 싸피님이 트롤 산 이유와 향후 관점 (바낸 현물 갈 이유)\n(톡방에서 나눴던 얘기 재정리) \n\n싸피님 채널 링크\n\n======\n\n[109일 전]\n싸피: \n""5UUH9RTDiSpq6HKS6bp4NdU9PNJpXRXuiw6ShBTBhgH2""\n""100불사두고 잊어도 될만한 밈코같네요""\n""좋아보여서 많이삿음 전""\n\n고랑:",C:\Users\user\Downloads\Telegram Desktop\ChatExport_2026-02-02 (1)\messages3.html,4033
2025-08-31,22:20,불타는청춘,"IP 현선벌어지고, 갭보이면 랜딩하는방법",arbitrage,Gate.io,"STORY,IP,ARB,USDC",['스테이블 브릿지'],C:\Users\user\Downloads\Telegram Desktop\ChatExport_2026-02-02 (1)\messages3.html,4110
2025-09-01,04:10,불타는청춘,블로그 둘러보다가 좋은 글이 있어서 가져와봄,listing,Bithumb,"BLOG,HTTPS,COM,NTGE,TGE,NAVER","['블로그 둘러보다가 좋은 글이 있어서 가져와봄\n\nhttps://m.blog.naver.com/lastine_/223990268334\n\n블로거 라스틴님이 쓴 글인데, 24-25년도 빗썸 따리 성과를 표로 정리하심\n\nTGE 상장이 제일 좋다..']",C:\Users\user\Downloads\Telegram Desktop\ChatExport_2026-02-02 (1)\messages3.html,4116
2025-09-01,06:30,불타는청춘,wlfi 갭드실분들은 주의하시는게 좋아보입니다,arbitrage,"Bitget,Gate.io","RISK,WLFI,BITGET,NTGE,GATEIO,TGE","['wlfi 갭드실분들은 주의하시는게 좋아보입니다\n\ntge까지 18시간도 안남았는데 cex-cex갭이 이정도로 벌어져있다는게\n정상적인 상태는 아니라서\n\n조금담보나 마진을 추가하고 bitget,gateio랑 잡으시는 분들은 adl risk를 항상주의하시는게 좋아보입니다']",C:\Users\user\Downloads\Telegram Desktop\ChatExport_2026-02-02 (1)\messages3.html,4117
2025-09-11,03:45,불타는청춘,간만에 LINEA 업비트 따리 후기,listing,"Upbit,Bithumb,Binance","SPOT,ETH,USDT,LINEA,USDC",['간만에 LINEA 업비트 따리 후기\n\n📌 방장플레이\n바낸 알파 + 바빗 선물로 현선 0~3% 구간에서 마구마구 잡음(바낸상장전까지)\n특히 바낸 알파에서 잡은 건 spot으로 넘어가서 현선 3% 이상은 무조건 벌어질 거라 확신 → 실제로 usdc와 usdt 페어 현선이 거의 30%까지 벌어짐(0.05욕심부려서 걸었다가 안팔려서 걍접음)\n\n걍팔았,C:\Users\user\Downloads\Telegram Desktop\ChatExport_2026-02-02 (1)\messages3.html,4182
2025-09-16,23:23,불타는청춘,"$AVNT 상장(Up,Bit,Binance)",listing,"Upbit,Bithumb,Binance","SPOT,AVNT,FLOCK,BIT,FUND,UP","['거래 지원: 2025.09.15 14:00 예정', '체인: Base', '현선 4~5퍼 까지 벌어졋다가 0.5~1퍼대 유지', '거래 지원: 2025.09.15 14:00 예정', '체인: Base', '거래 지원: 2025.09.15 14:00 예정', '출금지원 예정: 2025.09.15 15:00 예정', '업비트의 견제시작 (거래시점 30분 앞",C:\Users\user\Downloads\Telegram Desktop\ChatExport_2026-02-02 (1)\messages3.html,4194
2025-09-28,07:13,불타는청춘,Lighter XPL 펀딩피 작업 후기,funding,"Binance,Hyperliquid","XPL,ONLY,REDUCE,PRICE,OI,INDEX","['Lighter XPL 펀딩피 작업 후기\n\n프리마켓 이라서, 마진비율이 높고 변동성이 극심해, 뚝관리하느라 많이 잡지는 못했고\n수익률이 많이 높아서 꽤 괜찮았던 플레이 같습니다\n\n그냥 쌩롱칠걸\n\n요약\n펀딩피가 맛있었던 이유\n-index price는 바이낸스 추종이라, 하리 xpl사태처럼 덤프트럭 맞지는 않음(상당히 중요)\n-lighter",C:\Users\user\Downloads\Telegram Desktop\ChatExport_2026-02-02 (1)\messages3.html,4229
2025-09-29,10:43,불타는청춘,9월동안 플레이한 목록,listing,Hyperliquid,"NASTER,KYC,CZ,PLASMA,PVP,ASTER",['9월동안 플레이한 목록\n\n미라 노드 유저는 행복하지 않은 상태\n> 아직도 KYC 오류로 클레임 안됨(많이 이런 상태)\n일 못하는게 티가 남\n> 기술적으로 부족함이 많이 보임\n> 그럼에도 투자한 이유는 프로젝트의 컨셉 독창성 때문이었음 \n> 코인판은 꿈과 희망을 먹고 사는 곳이기 때문\n \nAster\n> 꽤 물량을 들고 있는 상황\n> 사,C:\Users\user\Downloads\Telegram Desktop\ChatExport_2026-02-02 (1)\messages3.html,4238
2025-09-30,01:04,불타는청춘,정답입니다.,airdrop,Upbit,"CO,BASE,HTTPS,ICO,KBW,WLFI","['어느 순간 부터 ""세일"" 하면 모두 먹여주는 이상한 메타가 찾아왔어요', '이 얘기를 왜 하냐면, 이번 kbw 주간 때 외국인 직원의 인사이더 친구들과 술 한잔 적시면서 재밌는걸 들었어요', 'https://decrypt.co/331518/senate-market-structure-bill-crypto-startups-ico-boom\n\n이 법안을 주",C:\Users\user\Downloads\Telegram Desktop\ChatExport_2026-02-02 (1)\messages3.html,4251
2025-10-01,00:45,불타는청춘,개인이 퍼프덱스에서 MM역할을 수행한 사례,general,Hyperliquid,"MM,LP,NLP","['개인이 퍼프덱스에서 MM역할을 수행한 사례\n\n간만에 본 좋은글, 이전에 하이퍼리퀴드에서 비슷한 플레이를 했었는데, 꽤 좋은 수익을 본적이 있음\n신규 거래소에서 해당플레이를 하는 것은, 모든사람들이 봇이 없는 상태에서 시작하기때문에, 좋은 플레이가 가능하다고 생각해요\n\n다만 어디까지나 방향성이 일부들어가고, 손절에 대한 판단 매커니즘을 잘 잡아야",C:\Users\user\Downloads\Telegram Desktop\ChatExport_2026-02-02 (1)\messages3.html,4260
2025-10-02,23:03,불타는청춘,"더블제로로 리스크 감수를 줄이고, 돈버는방법정리",arbitrage,"Binance,Hyperliquid",SPOT,"['메테오라풀설정', '하리<>binance 갭', 'backpack spot출금따리']",C:\Users\user\Downloads\Telegram Desktop\ChatExport_2026-02-02 (1)\messages3.html,4268
2025-10-03,20:56,불타는청춘,Lighter Aster 갭 후기,arbitrage,"Binance,Hyperliquid","MAKER,BOOK,PERP,OI,VOLUME,ORDER","['Lighter Aster 갭 후기\n\n15:15, 15:38, 16:45, 18:03, 19:23 다섯번 동안, Lighter의 $ASTER티커에 대한 라이터 가격갭이 발생했습니다\n16:45전에 노도님이 알려주셔서 본격적으로 진입하였고, 적당한 사이즈로 진입하였습니다\n\n반대거래소로는, binance, hyperliquid를 사용했습니다\n\n0f",C:\Users\user\Downloads\Telegram Desktop\ChatExport_2026-02-02 (1)\messages3.html,4271
2025-10-04,22:41,불타는청춘,전업이나 준전업이라면 모든 이벤트에 EVM 지갑 따두기,arbitrage,"Upbit,Bithumb","NFT,NNFT","['전업이나 준전업이라면 모든 이벤트에 EVM 지갑 따두기\n\nNFT 플레이, Dex 플레이, 따리 (업빗썸 선착순-> 국내 거래소 입금지갑은 잘 안바뀌어서 좋음), 예치 빠르게 등등\n\n기록해두고 꾸준히 보면 자산이 됨\n\n-> 코인 메이트랑 돌려보면 재미도 있음']",C:\Users\user\Downloads\Telegram Desktop\ChatExport_2026-02-02 (1)\messages3.html,4289
2025-10-05,20:00,불타는청춘,HYPE STAKING 자산 중에서 디페깅시 받을수있는 자산과 프로토콜 위험성,deposit_withdrawal,,"BB,NKHYPE,HYHYPE,FACB,KHYPE,BEHYPE","['HYPE STAKING 자산 중에서 디페깅시 받을수있는 자산과 프로토콜 위험성\n\n개인적으로는 디페깅을 좋아해서\n프로젝트가 러그나지않는다고 생각하고\n디페깅이 조금씩 맞춰지는걸 확인하고, 내가 조금 얼리로 확인했다고 생각하면\n일정부분씩 계속 디페깅시에 줍는걸 선호하는데\nHYPE쪽은 고래들이 많고, 온체인유동성이 적어서, 디페깅이 비교적 자주일어난",C:\Users\user\Downloads\Telegram Desktop\ChatExport_2026-02-02 (1)\messages3.html,4290
2025-10-14,15:50,불타는청춘,Farcaster 레전드 이벤트,deposit_withdrawal,,"USDC,BASE","['Farcaster 월렛 Base 체인 USDC 입금', '1인당 캡 $5,000', '총 10주간 진행 (10%)']",C:\Users\user\Downloads\Telegram Desktop\ChatExport_2026-02-02 (1)\messages3.html,4325
2025-10-20,19:59,불타는청춘,trade.xyz 실제로 거래해본결과,funding,Hyperliquid,"LIMIT,BP,MAKER,NMAKER,TRADE,ORACLE","['trade.xyz 실제로 거래해본결과\n\n다른 페어들은 동일하고, 유일한 차이점은 xyz100이라는 페어인데\n\n시가총액 기준 상위 100대 비금융 기업인덱스를 추종한다고 함\n수수료가 2.85/8.55bp로 말도 안되게 비싼편\nmaker수수료로 그냥 워시채운다고 생각하고 주말동안 limit order찍었음\n\n현재 하리에있는 유일하게 주말기간동",C:\Users\user\Downloads\Telegram Desktop\ChatExport_2026-02-02 (1)\messages3.html,4338
2025-10-21,16:50,불타는청춘,가끔 질문으로 들어오는 loan의 효능 !!,listing,"Upbit,Bithumb",LOAN,"['매우 적은 리스크로 따리 가능', '현물-선물 갭 먹기', '펀딩피 먹기']",C:\Users\user\Downloads\Telegram Desktop\ChatExport_2026-02-02 (1)\messages3.html,4342
2025-10-23,19:16,불타는청춘,나는 수많은 퍼프덱스를 놓쳤지만 후회 없음,arbitrage,,"FDV,VC,KYC,CFTC,PNL,IP","['나는 수많은 퍼프덱스를 놓쳤지만 후회 없음\n\n왜냐면 예측마켓(Prediction Market) 이 있기 때문임\n\n요즘 보면 Polymarket, Kalshi 같은 예측마켓 플랫폼들이\nVC들한테 수십억 달러 단위 투자 받으면서\n볼륨도 Limitless의 10배 이상 찍고 있음\n이번 장에서는 퍼프덱스 말고도\n예측마켓이라는 다른 장르 메타가 충",C:\Users\user\Downloads\Telegram Desktop\ChatExport_2026-02-02 (1)\messages3.html,4349
2025-10-25,16:16,불타는청춘,launchcoin delisting recap,listing,"Bithumb,Bybit,Hyperliquid","XPL,FDV,SOL,BYBIT,RECAP,MARK","['대충 상폐공지 읽어보니까, 펀비 30번은 먹을수있는 시간이었음', 'pre-market이 아니라, 펀비를 1시간에 1%씩 내면서 공격해야함', '그렇다면 빠르게 오더북 밀어버리면서 싹 청산내야 했는데 hyperdash 터미널로 확인한 결과, 눈에 띄는 온체인 공격자가 없었음', '새벽이어서 비몽사몽 했지만, 공격은 아니라고 생각, 그리고 공격자가 너무나",C:\Users\user\Downloads\Telegram Desktop\ChatExport_2026-02-02 (1)\messages3.html,4354
2025-10-26,04:39,불타는청춘,SNEAK PEEK AND PREP FOR THE MEGA AUCTION,deposit_withdrawal,,"USD,PER,PAY,COM,RE,BID","['5% 공급량판매 [500,000,000 MEGA]', '판매 상한선: $0.0999 per MEGA ($999M FDV)', '최대모금액: ~$50M', '비딩 사이즈: $2650 to $186,282', '지금까지 입찰된 총 금액 $', '# 입찰자', '최고 입찰가 표', '현재 청산 가격의 FDV', ""만약 누군가가 특정 가격에서 제공된 모든 물량",C:\Users\user\Downloads\Telegram Desktop\ChatExport_2026-02-02 (1)\messages3.html,4362
2025-10-27,23:00,불타는청춘,"오피니언 랩스, 하는게 좋을거같음",listing,,"LIMIT,LP,ATH,LMTS,NDOCS,DOCS","['오피니언 랩스, 하는게 좋을거같음\n지금 예측마켓에 베팅하고싶어도\n폴리마켓, 칼시에 베팅하는건 상방이 한정되어있는 플레이임\n\n예측마켓 시장에 처음나온 lmts가 상장된 거래소가 적은것 치고 ATH도 높고\n현재 밸류도 진짜 유지 잘하고 있다고 생각함\n\ndocs읽어보면 홀딩,볼륨,lp 3가지로 포인트 채굴이 가능하니까 다양하게 테스트해보면서 포인",C:\Users\user\Downloads\Telegram Desktop\ChatExport_2026-02-02 (1)\messages3.html,4371
2025-10-28,20:57,불타는청춘,작년에 페이코인으로 꿀 빨았던 썰,listing,Bithumb,"HTX,NHTX,WPCI,NWPCI,PCI,PDF","['작년에 페이코인으로 꿀 빨았던 썰\n\n생각보다 HTX(구 후오비)에 이상한 페어들이 많았음', '그중에 WPCI라는 페어가 있었음 (지금은 상폐됨)\n\nWPCI = Wrapped Paycoin\n랩핑된 PCI(페이코인)임', '랩핑을 풀면 PCI(페이코인)가 되는 구조였고, 브릿지를 통해 언랩핑할 수 있었음\n\n본론으로 들어가자면,\nWPCI는 가",C:\Users\user\Downloads\Telegram Desktop\ChatExport_2026-02-02 (1)\messages3.html,4373
2025-10-29,21:38,불타는청춘,OKX 월렛 기능 중 멀티센터에 대해 설명해드림,deposit_withdrawal,"Bithumb,Binance,OKX","HOME,NCA,MORE,CA,NB,BATCH",['OKX 월렛 기능 중 멀티센터에 대해 설명해드림\n\n사용법\n\n잠금화면 풀고 - > More -> 밑으로 내리고 -> Tools 탭에서 Multisender 클릭\n또는\nchrome-extension://mcohilncbfahbmgdjkbpemcciiolgcge/fullscreen.html#/batch-transfer/home < 클릭 후 크롬에 ,C:\Users\user\Downloads\Telegram Desktop\ChatExport_2026-02-02 (1)\messages3.html,4376
2025-11-04,14:42,불타는청춘,"동의하는 바입니다. 10월 10일 대청산 이후 분명히 허리가 부러진 중소형 거래소, DEX(특히 랜딩댑)이 많을 것 같습니다.",arbitrage,,XUSD,"['10월 10일 대청산 이후 분명히 허리가 부러진 중소형 거래소, DEX(특히 랜딩댑)이 많을 것 같습니다', '어제 있었던 밸런서 해킹 사건도 그렇고, xUSD를 시작으로 불안정한 자산들에 대한 탈출 러시도 이어질 수 있습니다', '이럴 때일수록 너무 높은 APR을 추구하기보다는 보수적으로 자산을 운용하는 것이 제일 좋을 것 같아요', '다시 시장 센티",C:\Users\user\Downloads\Telegram Desktop\ChatExport_2026-02-02 (1)\messages3.html,4396
2025-11-05,23:54,불타는청춘,수익률은 밤송님 글 보시면되시구,arbitrage,,PVP,['수익률은 밤송님 글 보시면되시구\n\n요즘 거의대부분 원화로 가지고있는데\n적당한 김프오면 출금해서 참여할수 있는만큼하고\n\n따리나 갭잡는플레이를 하는 자금을 줄일려구요\n돈타쿠님 말처럼\n장이 극도로 안좋아지면 pvp만 일어나니까요...'],C:\Users\user\Downloads\Telegram Desktop\ChatExport_2026-02-02 (1)\messages3.html,4403
2025-11-11,14:49,불타는청춘,[💵 사실 꿀통은 없거든…],arbitrage,"Upbit,Bithumb,Binance,Hyperliquid","XPL,ENA,KYC,LP,USELESS,EARN","['지루함과 귀찮음을 견뎌야 함', '둠스데이를 반드시 대비해']",C:\Users\user\Downloads\Telegram Desktop\ChatExport_2026-02-02 (1)\messages3.html,4436
2025-11-11,19:29,불타는청춘,한창 아까 LSK 갭 날때 실수로 공브 보내신 분들도 보이고 Across에 묶이신분들도 보여서 간략하게 LSK 브릿지 관련 정리,arbitrage,,"XAC,APP,BA,COM,XC,BD","['https://bridge.lisk.com/', 'https://superbridge.app/?fromChainId=1135&toChainId=1&tokenAddress=0xac485391EB2d7D88253a7F1eF18C37f4242D1A24', 'https://app.across.to/bridge', 'Lisk도 OP stack 기반 Optimis",C:\Users\user\Downloads\Telegram Desktop\ChatExport_2026-02-02 (1)\messages3.html,4438
2025-11-14,16:23,불타는청춘,심심해서 써보는 나의 퍼프덱스 일대기,deposit_withdrawal,"Upbit,Hyperliquid","UI,HYPE,NTGE,UNIT,MYX,OSTIUM","['심심해서 써보는 나의 퍼프덱스 일대기\n\n하이퍼리퀴드 → 블루핀 → 드리프트 → 오덜리 → MYX → PARADEX → OSTIUM → 엣지엑스 → 라이터 → UNIT → TRADEXYZ (장문 스압 주의)\n나는 처음 퍼프덱스를 하이퍼리퀴드로 시작했다', '메타마스크도 모르던 시절, 우연히 들어간 코인단톡방에서 에드작하고 폐지 줍는(?) 이상한 사람",C:\Users\user\Downloads\Telegram Desktop\ChatExport_2026-02-02 (1)\messages3.html,4447
2025-11-18,21:27,불타는청춘,그냥 진짜 할거없어서 이런거나 하는중,listing,"Upbit,Binance,Hyperliquid","NPRICE,FDV,MET,BP,PRICE,MC",['그냥 진짜 할거없어서 이런거나 하는중\n\n$MET binance long<>hyperliquid short\n1%정도 price gap있었고\n\n하리쪽 스프레드가 꽤 있어서\nprice gap(100bp)+funding gap(20bp)-스프레드(15*2bp)-수수료(10*2bp)=70bp\n\n적당히 잡았으면 포지션 사이즈대비 50~70bp정도 나,C:\Users\user\Downloads\Telegram Desktop\ChatExport_2026-02-02 (1)\messages3.html,4452
2025-11-23,14:34,불타는청춘,ai 로 프로그래밍하는 꿀팁,general,,"AI,API,DOCS,DEBUG","['ai 로 프로그래밍하는 꿀팁\n\n현재 ai 기술로는 한큐에 큰 목적으 ㅣ것을 한방에 만드는건 무리임\n단계별로 조각조각 기능을 만들어 달라고하고 그걸 합쳐야함\n\n예를들어 내가 어떤 거래소 거래하는 봇을 만들고 싶다\n\n잘못된 질문) 이 거래소 거래하는 봇 만들어줘 \n\n올바른 질문) \n1', '이 거래소 거래하는 봇을 만들고 싶은데, 너가 필",C:\Users\user\Downloads\Telegram Desktop\ChatExport_2026-02-02 (1)\messages3.html,4459
2025-11-24,18:35,불타는청춘,✅ MON 코인 상장시간 정리,listing,"Upbit,Bithumb,Binance,OKX","MON,WHALE,OKX","['요즘 핫한 모나드! 업빗썸 상장!', 'OKX , 바낸 등 몇몇 거래소는 아직 조용하네요']",C:\Users\user\Downloads\Telegram Desktop\ChatExport_2026-02-02 (1)\messages3.html,4461
2025-11-26,21:16,불타는청춘,이전 글에서 불청이의 갑작스런 수익글로 본의 아니게 X IT이 궁금해지신 분들을 위해 주저리 주저리...,arbitrage,Bithumb,"IT,AMA,DAO","['이전 글에서 불청이의 갑작스런 수익글로 본의 아니게 X IT이 궁금해지신 분들을 위해 주저리 주저리..', '우선 X IT은 하나의 팀이자 다오이지만 제가 추구하는 낭만 아래 기존의 dao와는 좀 다른 방향성을 갖습니다', '크립토 시장은 단순 트레이딩 외에도 돈을 벌 수 있는 길이 정말 많습니다', '누군가는 마케터로, 누군가는 온체인으로, 또 누군가",C:\Users\user\Downloads\Telegram Desktop\ChatExport_2026-02-02 (1)\messages3.html,4470
2025-12-02,05:31,불타는청춘,이번에 업비트 코인빌리기 하려면 daxa홈페이지 에서 교육을 받아야함,general,Upbit,"DAXA,GEMINI","['daxa홈페이지 접속(코인빌리기 클릭하면됨)', '1시간정도 수강(6개강좌로 5번 넘기면됨)', '문제10개풀면됨', '문제다풀면 바로 코인빌리기 열려용']",C:\Users\user\Downloads\Telegram Desktop\ChatExport_2026-02-02 (1)\messages3.html,4489
2025-12-02,18:50,불타는청춘,2025/12/2 hl<>binance $merl funding fee gap recap,arbitrage,Binance,"MERL,BSC,RECAP,NINDEX,PRICE,INDEX",['2025/12/2 hl<>binance $merl funding fee gap recap\n\nindex price References의 pancakeswapv3 unidex(usdcusdt)/usdcmerl  항목이 현재는 4.54%인데\n어제는 40%까지 올라가있었고\n어제기준 40%를 References하고있는 merl bsc chain의 가격이\,C:\Users\user\Downloads\Telegram Desktop\ChatExport_2026-02-02 (1)\messages3.html,4490
2025-12-03,00:35,불타는청춘,Quanto (구. OXFUN),listing,Upbit,"OX,OXFUN,MEME,KILOEX,ZHUSU,ORCA","['zhusu (전 쓰리애로우 캐피탈 창립자) 가 만든 meme perpdex 였음', '메이저 코인 + 밈코인 선물거래가 가능했음', '작년 11월쯔음 처음 접한게 $OX 토큰 펀비 1시간당 0.1% 캐먹으려고 갔엇음', '$OX토큰을 담보로 사용할수있어서 OX토큰을 구매한뒤 1배율 숏을치면 크게 리스크없이 펀비를 시간당 0.1%씩 캐먹을수있었음 (0.0",C:\Users\user\Downloads\Telegram Desktop\ChatExport_2026-02-02 (1)\messages3.html,4497
2025-12-03,17:21,불타는청춘,StandX 에서 스테이블 파밍 할 생각입니다.,general,Binance,"FDV,STANDX,YIELD,LP,DAILY,PERP","['Yield 스테이블(DUSD) 결합: 지갑에 DUSD를 보유하는 것만으로 자동으로 수익이 발생', '마진 거래 중 수익: 마진 거래에 DUSD를 담보로 사용하더라도 기본 수익이 쌓이는 구조(플립스터랑 비슷한구조)', '바이낸스 퓨처 출신 CO-FOUNDER', 'Perp 계정에 DUSD 홀딩 > 1DUSD당 하루에 1.5포인트', 'TRADING : 1",C:\Users\user\Downloads\Telegram Desktop\ChatExport_2026-02-02 (1)\messages3.html,4499
2025-12-23,16:55,불타는청춘,"✅ Flipster Rewards Hub 오픈 | 신규 유저 최대 42,900 USDT 보너스 💰",deposit_withdrawal,,"WEB,KYC,KST,USDT,BONUS,HUB","['신원 인증 미션', 'KYC 완료 시: 10 USDT 보너스', '입금 미션 (최대 4,890 USDT)', '100 USDT 입금: 10 USDT', '500 USDT 입금: 30 USDT', '1,000 USDT 입금: 50 USDT', '5,000 USDT 입금: 300 USDT', '10,000 USDT 입금: 500 USDT', '100,000",C:\Users\user\Downloads\Telegram Desktop\ChatExport_2026-02-02 (1)\messages3.html,4545
2025-12-29,14:11,불타는청춘,📌 코인 과세 궁금해서 국세청 전화 문의한 내용,listing,,,"['25년 신경 안써도 될 것 같음,', '2027년에 생긴 수익은 2028년에 신고·납부', '과세 시작 : 2027년 1월 1일 이후 양도/대여 부터 과세 시작 20%(+지방세 2%)=22%분리과세', '기본 공제 : 한국에 주소가 있으면 신고 대상', '양도(매매) 수익, 대여 수익 과세 대상', '그냥 해외 거래소로 비트코인 보내서 거래, 국내로 그",C:\Users\user\Downloads\Telegram Desktop\ChatExport_2026-02-02 (1)\messages3.html,4560
2026-01-09,03:25,불타는청춘,신년다짐,arbitrage,"Binance,Bybit","BYBIT,PERP,OI,NBYBIT","['신년다짐\n\n10/10이후 3달동안 거의 펀딩피만 먹었던거같음\n\nlighter로 인해서 꽤 먹었던거같고\n최대한 돈을 안쓸수있는걸 목표로\n다른 perp-dex도 조금씩 건드는중\n채굴한 포인트가 0이될수도 있다고 계속 생각중이에요\n\n선선이든 아비트라지든 알트선물기준\n여기서 더 사이징을 키우기는 힘든사이즈 까지 잡아보니까, 사이징을 적당하게 ",C:\Users\user\Downloads\Telegram Desktop\ChatExport_2026-02-02 (1)\messages3.html,4569
2026-01-13,07:03,불타는청춘,해당 갭이 생기는 이유는,arbitrage,"Binance,Hyperliquid","NTGE,FEE,TGE,MARKET,LIQ","['해당 갭이 생기는 이유는\n\n바이낸스,하이퍼리퀴드에서 오라클을 자체 markprice로 사용하고있기때문임\n거래소마다 가격이 다른것을 조정할수있는 이유는 funding fee가 존재하기 때문인데\n자체 markprice사용(아직 pre-market취급)하고있어서\n사실상 3개의 거래소에서 다른가격으로 거래가 되더라도 맞춰질 이유가 존재하지않는갭임\n\",C:\Users\user\Downloads\Telegram Desktop\ChatExport_2026-02-02 (1)\messages3.html,4586
2026-01-19,15:55,불타는청춘,📌 폴리마켓 15분 마켓 트레이딩 봇들을 다 털어먹고 잠적하다,general,Binance,XRP,"['15분봉 마감 5분전에 가격이 마감 가격보다 아래였음.', ""이 트레이더는 '그 위에 마감된다'를 계속 긁어서 가격을 70%까지 끌어올림"", '15분봉 마감 봇들은 이를 확인하고, 어 뭐야 누가 사주냐 개꿀이네 ㅋㅋㅋ 하고 이 사람한테 다 반대로 베팅 / 팜', '마감 2분전에 바이낸스에서 1m$치 XRP 사서 가격 올려버리고 마감 시킴', '마감 다 ",C:\Users\user\Downloads\Telegram Desktop\ChatExport_2026-02-02 (1)\messages3.html,4604
2026-01-23,22:32,불타는청춘,리서치를 하는사람이 아니라서,arbitrage,,VAULT,"['리서치를 하는사람이 아니라서\n장기적인 시장뷰를 볼수도없고, 보지도않는 입장이에요\n시장전체적으로 잔불만 남은상황에서\n장기적인 뷰를보고 알트코인롱, 비트코인롱을 치기에는 간담이 쫄보라서\n바로바로 돈이 나오거나, 돈이 들지않는것들만 하고있음\n\n갭,컴패티션,돈안들이고 볼륨찍기등등\n시장전반에 피로도가 너무높아진 상태에서, 모든 사람들이 이걸할수도없고",C:\Users\user\Downloads\Telegram Desktop\ChatExport_2026-02-02 (1)\messages3.html,4621
2026-01-24,22:30,불타는청춘,Zama presale정리,general,Binance,"NFT,NKYC,CODE,NNFT,LIMIT,KYC","['Zama presale정리\n종료일  : 1월 25일 오전5시(KST)\n할당발표일 : 2월 1일\n토큰 클레임 : 2월 2일\nkyc필수\n\n세일시스템\n-최대 10개의 bid로 옥션을 정해서\n위의 가격대의 매물대부터 체결시켜서 최종정산 가격에 판매하는 시스템\n0.06에 bidding해도, 최종가격이 0.035면 모든 참여자가 다같이 0.035에",C:\Users\user\Downloads\Telegram Desktop\ChatExport_2026-02-02 (1)\messages3.html,4623
2026-01-31,16:34,불타는청춘,최근에 몇개있었던거,arbitrage,,"NSENT,ENSO,OI,RWA,NENSO,SENT","['최근에 몇개있었던거\n\nsent선선[실패]\nenso선선[실패]\n\n여러가지 방향으로 플레이풀을 넓혀가고있는데 전체적으로\n아비트라지<-시장전체에 대한 참여자나 시장반응이 너무 좋은게 오더북상이든 oi로든 표현이됨, 시장알파가 너무크게 준것 같음\n\n당분간 리서치공부 위주로 할예정\n최근에는 rwa시장만 보고있는데 되게 위험해보임\n\n특정거래소 ",C:\Users\user\Downloads\Telegram Desktop\ChatExport_2026-02-02 (1)\messages3.html,4630
2025-12-06,23:15,김피카썬더볼트,Pika's 플레이 변천사 최종편,arbitrage,Upbit,"TGE,PIKA,CYBER","[""Pika's 플레이 변천사 최종편 \n(절대 따라하지 마시오!)\n\n*1단계(시작할 때): 헷징따리만\n\n*2단계(본격적으로 사이즈 키울 때): 쌩매수 + 헷징따리 섞어서, 최종적으로 업비트에 던지기"", '*3단계(1차 증발사건 CYBER 이후): 쌩매수 지양하되, 선택지가 없다면 참여', '업비트에 던지는 것이 아닌 DEX 고점 매도 등 최대한 리",C:\Users\user\Downloads\Telegram Desktop\ChatExport_2026-02-02\messages.html,15
2025-12-07,09:31,김피카썬더볼트,사실 제가 가장 승률이 높은 원상 따리 종목은 TGE입니다...,arbitrage,,TGE,"['사실 제가 가장 승률이 높은 원상 따리 종목은 TGE입니다..', 'TGE의 경우 DEX플레이와 따리를 같이 하는데 이 중 한 케이스를 공유하고자 합니다..', '지하 1층에서 친구랑 밥먹다 원상떠서 급하게 핸드폰으로 뚝딱하느라 수익도 그냥저냥, 플레이도 단순하기 때문에 염두에 두고 봐주시면 감사하겠습니다.']",C:\Users\user\Downloads\Telegram Desktop\ChatExport_2026-02-02\messages.html,17
2025-12-08,18:50,김피카썬더볼트,*따리를 어떻게 해야 하냐는 질문이 많아 간단히..,arbitrage,,,"[""동일수량 현물 매수, 선물 숏으로 최대한 적은 현선갭(현물이 선물보다 비싼 %)에 보따리를 쌉니다... 이 때 진입한 갭은 본인의 '입장료'가 되기 때문에 너무 공격적으로 베팅하면 그만큼 손실만 보고 나오는 경우도 많기 때문에 반드시 뇌동X, 근거 기반으로 판단하세요..!"", '여기서 내 입장료보다 높은 현선갭이 형성되었다면.. 그 차익만 먹고 나가는 ",C:\Users\user\Downloads\Telegram Desktop\ChatExport_2026-02-02\messages.html,24
2025-12-12,13:01,김피카썬더볼트,"작일 바이낸스, 바이빗간 LRC 선선갭이 있었습니다. LRC의 경우 자주 있는 케이스인지는 모르겠으나... 이미 5% 가까이 한 번 진입 기회 ",arbitrage,"Bithumb,Binance,Bybit",LRC,"['작일 바이낸스, 바이빗간 LRC 선선갭이 있었습니다', 'LRC의 경우 자주 있는 케이스인지는 모르겠으나..', '이미 5% 가까이 한 번 진입 기회 주고 두 번째 기회에 포착하게 되었네요', '이 때 바이낸스 펀비가 -0.7% 정도, 바이빗 펀비가 -2%로 차이가 났어서 1시간안에 붙지 않는다면 시간당 -1.3%정도의 확정 손해가 정해져 있었지요..'",C:\Users\user\Downloads\Telegram Desktop\ChatExport_2026-02-02\messages.html,39
2025-12-12,17:01,김피카썬더볼트,빗썸 연속거래 에어드랍 봇,airdrop,Bithumb,"ADF,SHARE,HTTPS,COM,API,PIP","['설치', '코드', '확인', 'API키들은 본인 이외에 아무에게도 알려주지마세요 (당연)', '이거 맘카페 같은곳에 뿌리지마세요 (당연)', '테스트 한번 해보세요 (당연)']",C:\Users\user\Downloads\Telegram Desktop\ChatExport_2026-02-02\messages.html,40
2025-12-16,12:29,김피카썬더볼트,*okx wallet 따발쏘기:,deposit_withdrawal,"Upbit,Bithumb,OKX","KRW,MORE,FROM,TO,OKX,WALLET","['okx wallet에서 more 선택', '멀티샌더 선택', '네트워크, 크립토(토큰) 선택 후 One to many 선택', 'From에는 okx wallet 주소, To에는 업빗썸 입금주소 입력 (이 때, 같은 주소를 계속 복붙해주면 따발이 가능해짐)', '마지막 사진과 같이 전송량, 인터벌 설정해주면 되고 이 때 전송량을 고정으로 하되 KRW로 환",C:\Users\user\Downloads\Telegram Desktop\ChatExport_2026-02-02\messages.html,52
2025-12-18,15:19,김피카썬더볼트,*혼자 대가리 깨며 AI를 쓰는 법을 익힌 무지랭이가 공유하는 바이브코딩하는 미세 팁...?,general,,"AI,EX","['처음에는 로직을 먼저 짜야 하기 때문에... 이 마저 AI에게 부탁한다.', '그 로직의 장단점을 물어보고 원하는 로직을 정해서.. 정확한 디렉션을 주기 시작한다.', '작은 것부터 구현하고 테스트가 완료되면 그 다음 단계로 넘어가서 점차 개념을 확장, 중간중간 테스트로 진행하는 데에 문제가 없는지 확인한다.', '원하는 구간까지 도달하면 최종 테스트,",C:\Users\user\Downloads\Telegram Desktop\ChatExport_2026-02-02\messages.html,65
2025-12-21,11:23,김피카썬더볼트,업비트 경주 풀시드 7퍼 따리 후기,arbitrage,"Upbit,Bithumb,Binance,Bybit",VTHO,"['VTHO 라는 코인이 김프가 7~10퍼 껴잇음', '시드바이빗에잇어서 아주소액 1차로 보냇는데 (전송속도빠름 5분이내 처리완) 바이낸스 출금 닫아버림', '이때다싶우 바로 바이빗 호가에 대면서 매수 0.001 초반에 잡히는데로 계속 노헷징따리로 업비트보냄', '바낸<>업빗 김프확인하면서 보내다가', '1바퀴 돌림 지금은 비추천.. 그래도 바낸 열릴때까진",C:\Users\user\Downloads\Telegram Desktop\ChatExport_2026-02-02\messages.html,82
2025-12-24,09:50,김피카썬더볼트,*과거 흥따리 사례를 분석해서 다음 흥따리를 위해 준비해야할 기술 (코린이용),listing,"Upbit,Bithumb",TGE,"['당일 장세 항상 체크할 것.', '거래량이 너무 적다면 수비적으로 하되 성실상을 위해 반드시 참여할 것 (업빗썸 기준)', '1일 2상장을 하는 경우가 있는데 이 때도 둘 다 참여하며 승률을 높여야 함 (오히려 경쟁자가 분산되는 경우도 많기 때문에 시드를 나눠서라도 플레이)', '상장이 뜨면 시총과 최대거래소, 핫월렛 파악하고 핫월렛이 적을 시에는 소액",C:\Users\user\Downloads\Telegram Desktop\ChatExport_2026-02-02\messages.html,109
2025-12-28,16:43,김피카썬더볼트,📌 플로우(FLOW) 바이비트 대출 상환 관련 글(공지내용),funding,Bybit,"KST,BYBIT,FLOW","['입출금 불가', '외부에서 FLOW를 들여와 상환할 수 없음', '체인 이슈로 이동 자체가 제한된 상태', '다른 거래소 역시 론 상환에대한 기한을 두지않음']",C:\Users\user\Downloads\Telegram Desktop\ChatExport_2026-02-02\messages.html,136
2025-12-31,15:59,김피카썬더볼트,2025년을 마무리하며...,arbitrage,,ROI,"['24년 12월에 따리를 접했지만 실제 시드로 제대로 플레이 한건 25년 2월 부터네요', '그 때부터 약 10-11개월간 열심히 플레이 했는데 마감하면서 그에 대한 성과를 돌아볼 수 있는 시간이 된 것 같습니다', '오만했던 8월, 뇌동했던 10월을 제외하면 모두 수익이었고 그 중 사이즈를 키우면서 장이 잘 따라줬던 9월 수익이 가장 높네요', '역시 ",C:\Users\user\Downloads\Telegram Desktop\ChatExport_2026-02-02\messages.html,148
2026-01-02,10:29,김피카썬더볼트,25.1.1 상장한 XAUT 는 ZBT 이후로 최초로 결석한 따리였습니다.,listing,Bithumb,"ZBT,PAXG,XAUT","['25.1.1 상장한 XAUT 는 ZBT 이후로 최초로 결석한 따리였습니다', '나름 몇 가지의 근거가 있긴 했는데 ..', '1) 금페깅 코인을 상장했던 (PAXG) 빗썸의 경우에도 오히려 손실로 나왔던 기억이 있음', '그만큼 페깅코인의 경우 상방 하방이 너무 얕음', '2) 많이 먹여줘야 1% 언더일 것이라 생각했는데.']",C:\Users\user\Downloads\Telegram Desktop\ChatExport_2026-02-02\messages.html,150
2026-01-02,15:57,김피카썬더볼트,*개인적으로 따리에서 가장 중요하게 생각하는 것,listing,,,"['*개인적으로 따리에서 가장 중요하게 생각하는 것\n\n  -여러 경험들을 데이터화해서 나만의 원칙이 명확히 세워져 있는가', '-세워져있다면 그 원칙을 근간으로 하되, 장 상황이나 핫월렛 수량 등의 변수들을 보고 유연하게 플레이할 수 있는가', '-상장 시 주변 상황을 파악했을 때 어느 정도의 시나리오를 세울 수 있고 이 때 플랜B는 어떻게 가져갈 것인",C:\Users\user\Downloads\Telegram Desktop\ChatExport_2026-02-02\messages.html,151
2026-01-07,00:07,김피카썬더볼트,*금일 BREV 덱스플레이 한 이유,listing,Binance,BREV,"['*금일 BREV 덱스플레이 한 이유\n\n-간만에 바낸 스팟 직상장, 알파 상장부터 따리꾼들 모일거라 생각\n-원하는 레인지에서 수수료 빨며 받아먹고 팔기 반복\n-역갭일 때 숏치면서 매도물량 + 헷징수요 커버\n-원하는 레인지 벗어나서 바로 포지션 전부 정리, 에드 클레임 전 소액 익절 마무리\n\n꽤나 도전적인 시도였지만 근거를 가지고 플레이하면 못",C:\Users\user\Downloads\Telegram Desktop\ChatExport_2026-02-02\messages.html,173
2026-01-09,18:08,김피카썬더볼트,https://t.me/Pika_Kim,arbitrage,,"ME,HTTPS,CCT,KIM,PIKA","['https://t.me/Pika_Kim\n크립토 윈터 김피카 만남 후기\n본인은 cct를 만날때 30분 이내로 볼 수 있는 약속 아니면 안봄\n오늘 김피카가 출근하면서 시간되니 와도 된다하길래 30분 정도보고 올 생각으로 피카님 사무실 근처로감\n암튼 카페에 도착해서 젊은 친구는 한명뿐이 없길래\n피카니', '라고 어색하게 물어보며 만남시작\n새파랗게 ",C:\Users\user\Downloads\Telegram Desktop\ChatExport_2026-02-02\messages.html,183
2026-01-12,15:56,김피카썬더볼트,근래에 바뀐 TGE 상장 기조....,listing,Binance,"MC,TGE","['혹시 모르니 TGE날은 무조건 대기 (특히 알파 상장이 예정되어 있거나 바낸 스팟 상장이 예정되어 있으면 할 수 있는 플레이의 풀이 훨씬 넓어진다.)', 'TGE 원상을 안하더라도 가격 추이를 살펴보며 고점과 횡보하는 가격 레인지를 파악해둠', '멀티체인의 경우 컨트랙을 간단히 보며 브릿지 트잭이 있는지, 컨트랙 브릿지를 할 수 있는지 간단히 둘러봄',",C:\Users\user\Downloads\Telegram Desktop\ChatExport_2026-02-02\messages.html,187
