symbol,exchange,date,listing_type,deposit_krw,volume_5m_krw,turnover_ratio,max_premium_pct,supply_label,hedge_type,market_condition,result_label,result_notes
OKX,Upbit,2023-05-19,TGE,,,,,,cex_futures,neutral,대흥따리,"[비트코인 피자데이 거래소별 이벤트 모음 - 업비트, 코인원, OKX] https://blog.naver.com/mp2015/223104794115 <업비트> - 작년처럼 0.001BTC 바로출금으로 먼저 보내는사람 선착순으로 100% 지급 - 작년 기준으로 땡 하고 바로 도전하면 거의 성공 가능했음 - 대략 3.5만원어치 비트코인(당첨여부에 상관없이 다시"
NAODA,Bithumb,2023-07-23,,,,,,,cex_futures,neutral,망따리,"🪓 나만의 1계정 채굴기 - NAODA 편 ➢ 리스크 : 📉 ➢ 귀차니즘 : 📈 ➢ 기댓값 : 📉 NAODA는 폴리곤 체인 위에서 구동되는 게임파이 플랫폼 지망생입니다. 게임도 개발하고 있다고 해요. 언제 나올진 몰?루 챗굴, 퀴즈 등 여러 가지 미션을 클리어해서 POP를 모을 수 있으며, 이는 나중에 플랫폼에 대한 기여로 인정된다 고 말합니다. 모체인 F"
FLIPSTER,Bithumb,2025-02-28,,,,,,,cex_futures,neutral,흥따리,"😘 LAYER원상시 나왔던 먹을거리 말도많고 탈도많았던 LAYER원상, 상장딜레이로 할수있는 플레이가 많았습니다 0.5%정도의 거래소간 갭도 몇번 나왔었지만 개인적으로 제일 안정적인 플레이는 BINANCE롱<->FLIPSTER숏 이었고 EV가 제일높았던 플레이는 FLIPSTER숏<->Hyperliquid롱으로 펀딩피를 털어먹는게 괜찮았다고 생각합니다 🥹 🍌"
BASE,Bithumb,2025-06-03,,,,,6.0,,cex_futures,neutral,,오늘있었던 ZRC랜딩법 브릿지및 랜딩루트 1.USDC담보로 이더 aave에서 랜딩 2. bridge : https://app.rhino.fi/bridge?chainIn=BASE&chainOut=ZIRCUIT&token=ETH&mode=pay&amount=10&tokenOut=ETH 3. eth->weth는 https://zuit.xyz/ 4. 랜딩댑 : h
ERC,Upbit,2025-06-29,TGE,,,,,,cex_futures,neutral,망따리,"어제 디젠가이님과 잠시 대화하며, 현재 크립토의 상황에 대해 다시 생각해보게 되었습니다. 긴 글이 될 것 같지만, 끝까지 읽어주시면 감사하겠습니다. 지금 시장 참여자들은 바이낸스, 업비트, 카이토를 통해 쏟아지는, 디젠가이님의 표현을 빌리자면 소위 “신규 TGE 토큰 컨베이어벨트 공장”에 깊은 피로감을 느끼고 있는 상황입니다. 우리가 바라는 알트장의 중심 "
BSC,Upbit,2025-08-05,,,,,,,cex_futures,neutral,보통,"타운즈 상장시 할 수 있는 방법을 몇가지 소개함 1.CEX에 따리 업,빗썸은 상장공지를 안했지만 보통 바이낸스가 먼저 상장 할 가능성이 매우 높음(2025년 8월 5일 14:30(UTC)) 저번에 칼데라 복기하면서 얻은 정보로 상황이 된다면 바이낸스에 먼저 따리를 보내는 시도해 볼 예정 그리고 바이낸스라 BSC를 지원할 예정일건데 BSC에서 긁어서 가져다가"
WLFI,Upbit,2025-09-02,,,,,,,cex_futures,neutral,망따리,WLFI 복기를 하자면 1.EVM->SOL 갭 같은 가격을 유지하다가 서로 갭이 나더니 10~20퍼씩 차이가 나기 시작. 계속 생각은 했지만 브릿지를 못 찾아서 실패 찾아봐도 잘 안나오더라.. 2.CEX 상장따리 상장 시간 체크 후 덱스에서 긁어서 갖다 던지기만 했어도 상당한 이득을 봤을 듯. MEXC는 상장 후 약 20퍼 갭을 줬고 추후에도 계속 기회를 
FLUID,Upbit,2025-09-29,,,,,,,cex_futures,neutral,대흥따리,FLUID 기출 생각(FLUID도 후펌줬음)나서 바로 업비트 보냄 맛드몽현 업비트 대흥따리로 시작하면 아발란체 dex가가 못따라와서 아발란체에서 호다닥 긁어서 브릿지보내서 업비트보내서 먹은듯
MIRA,Upbit,2025-10-04,,,,,,,cex_futures,neutral,망따리,"더블제로는 좀 무서워서 보수적으로 플레이했는데, 결과적으로 패인이었네요 리테일 물량이 거진 0이고 마음대로 운전가능한 코인이라 무서워서 그런건데, crime szn에는 그냥 대가리 깨는게 답이네요 레이디움/메테오라만 좀 돌리다가 마지막에 최고점에서 하락할때 마구마구 사지면서 커뮤니티 멤버가 되서 기도하다가 적당히 도망가고 후따리로 겨우 멘징하고 일당만 했네"
OKX,Bithumb,2025-10-29,,,,,,,cex_futures,neutral,보통,OKX 월렛 기능 중 멀티센터에 대해 설명해드림 사용법 잠금화면 풀고 - > More -> 밑으로 내리고 -> Tools 탭에서 Multisender 클릭 또는 chrome-extension://mcohilncbfahbmgdjkbpemcciiolgcge/fullscreen.html#/batch-transfer/home < 클릭 후 크롬에 주소창에 붙여넣기 
MET,Upbit,2025-11-18,,,,,,,cex_futures,neutral,흥따리,그냥 진짜 할거없어서 이런거나 하는중 $MET binance long<>hyperliquid short 1%정도 price gap있었고 하리쪽 스프레드가 꽤 있어서 price gap(100bp)+funding gap(20bp)-스프레드(15*2bp)-수수료(10*2bp)=70bp 적당히 잡았으면 포지션 사이즈대비 50~70bp정도 나왔고(1bp=0.01%)
EVM,Upbit,2025-11-29,,,,,,,cex_futures,neutral,망따리,"업비트 CEX에서 주소 화이트리스트 해둔거 무조건무조건무조건 삭제하고 어드레스 다시 넣으세요 이전 주소에 넣으면 진짜 큰일남 그냥 거의 대부분의 입금 주소가 바뀌는거라서 꼭 체크, 특히 테더 많이 옮기는 앱토스 랑 트론 주소 , EVM 주소 . 거래소 출금 절차때문에 테더 옮기는 주소 화이트리스트 해둔 분들 많을텐데, 이제 그거 누르면 인생 망하는 버튼 으"
"HOLO, TOSHI",Upbit,2025-09-17,,,,,,,cex_futures,neutral,망따리,"오늘도 업빗썸의 상장이 있었습니다
TOSHI
랑
HOLO
상장이었는데 이번에도 좋은 퍼포먼스를 보여줬네요
요 근래 원상 퍼포먼스가 너무 좋은데 이러다가 언제 한번 망따리에 교통사고 당할거 같아서 두렵네요
금일 따리는 외출 나갔다 와서 멀뚱멀뚱단 합류했다가 포모와서 후따리만 좀 해봤는데 인간지표 적립했네요
😂
노션 복기
⤵️
$TOSHI 상장 (Up/Bit)"
"FLUID, HEMI",Bithumb,2025-09-27,,,,,,,cex_futures,neutral,흥따리,"지각생의 9.23, 9.24일 원상 끄적끄적 복기입니다
FLUID가 흥따리였습니다
HEMI는 뭐 평범한 1~2퍼 띠기 따리였는데 빗썸 원상보다는 CZ meta로 인한 hemi의 상승, 바이낸스 상장 쪽을 보는게 더 도움될 것 같다는 생각입니다
크게 길게 작성할만한 내용은 없는 따리몽현들이고, KBW기간동안 지금 원상을 10개를 해서 숙제가 너무 많이 쌓였습"
FLUID,Upbit,2025-09-29,,,,,,,cex_futures,neutral,대흥따리,"FLUID 기출 생각(FLUID도 후펌줬음)나서 바로 업비트 보냄
맛드몽현
업비트 대흥따리로 시작하면 아발란체 dex가가 못따라와서 아발란체에서 호다닥 긁어서 브릿지보내서 업비트보내서 먹은듯"
"BTR, XPL, OP",Bithumb,2025-09-30,,,,,,,cex_futures,neutral,대흥따리,"어제는 대흥따리 2개가 있었네요
어제 같은 따리를 바로바로 올려야 되는데 밀린 숙제가 많아 이전 상장 2개 먼저 올리겠습니다
XPL 상장 당일날(9.25) 빗썸에서 마구잡이 상장 진행한 BTR, POPCAT 복기입니다
크게 복기할만할 거리가 있었던 상장은 아니니 결과정도만 가볍게 숙지하시면 될 것 같습니다
찬찬히 숙제 해결해나가려 했는데 경석/백영 듀오가 "
"MIRA, CUDIS, FLUID",Upbit,2025-10-03,,,,,,,cex_futures,neutral,망따리,"더블제로는 좀 무서워서 보수적으로 플레이했는데, 결과적으로 패인이었네요
리테일 물량이 거진 0이고 마음대로 운전가능한 코인이라 무서워서 그런건데, crime szn에는 그냥 대가리 깨는게 답이네요
레이디움/메테오라만 좀 돌리다가 마지막에 최고점에서 하락할때 마구마구 사지면서 커뮤니티 멤버가 되서 기도하다가 적당히 도망가고 후따리로 겨우 멘징하고 일당만 했네"
"MIRA, SUPER, FF",Upbit,2025-10-05,TGE,,,,,,cex_futures,neutral,흥따리,"SOMI 복기입니다
MIRA-SUPER-FF로 업저씨들 스트레스 테스트 및 설거지 진행 후 하루간의 휴식기 이후 상장된 post-TGE 원상이었습니다
오랜만에 망따리였는데, 솜니아는 여러가지 이유로 참여안한 원상 따리입니다
피곤하기도 했고...
망따리임에도 역시 충분히 복기할 가치가 있던 따리였습니다
업비트나 빗썸이나 퍼포먼스는 비슷했습니다 (둘다 망..."
BIO,Bithumb,2025-10-24,,,,,,,cex_futures,neutral,흥따리,"BIO
- 생따리, 현선 모두 꽤 먹여줌
- 빗썸 출금 장난질 본격적으로 시작
- 근래 상장 중 입금액이 상당히 적었던 따리 (흥따리 요인)
- 투심이 많이 죽은 상황이고 거래량도 안터져서 ""입금액""이라는 절대적인 기준이 중요해진듯
노션 복기
⤵
$BIO 상장 (Up)"
CPOOL,Bithumb,2025-10-26,,,,,,,cex_futures,neutral,흥따리,"10.22 CPOOL 상장입니다
- 따리 자체는 망따리 or 겨우 본전치기 가능했습니다
솔라나쪽 가격반응이 느려서 해당 부분을 잘 캐치해서 기민하게 행동했다면 괜찮은 수익을 볼 수 있었습니다
개인적으로 근래 따리는 이런 크로스체인 먹거리/현선에 집중하고 있습니다
+) 빗썸 장난질도 여전했습니다
빗썸은 갭난다고 속지말고 꼭 헷징하거나 현선플레이만 하는걸 추천"
"BTC, ORDER, ARB",Bithumb,2025-10-27,,,,,,,cex_futures,neutral,흥따리,"ORDER
빗썸도 상장되어있었고, SUPER상장(09.29)에 btc마켓 상장햇었던 픽입니다
근래 펍덱 관련 코인들이 상장이 많이 되고 있어서 암살 심어놓으신 분들도 꽤 있었을 것 같네요
- 간만에 흥따리였습니다
후펌을 꽤 쎄게 줬는데, 옆상이기도 하고 근래 워낙 망따리 비율이 높았어서 후펌까지 버티긴 쉽지않았을 것 같네요
ORDER의 경우 체인이 워낙 많"
ENSO,Upbit,2025-10-30,,,,,,,cex_futures,neutral,흥따리,"ENSO
오랜만에 흥따리였네요
쎄게 후펌 주는것도 괜시리 오랜만에 보는것같아요
빗썸 상장 공지 뜨고 현선0퍼대라 긁으려고 했는데 말하던 사이 업비트 빔으로 현선 바로 6퍼대 찍는거 보고 기력 떨어져서 현선 못잡았네요...
요약 → 흥따리/강한후펌/현선0퍼에잡을걸
노션 복기
⤵
$ENSO 상장 (Up/Bit)"
BTC,Upbit,2025-11-04,TGE,,,,,,cex_futures,neutral,대흥따리,"🔥
2025.11.04 모멘텀 상장·매매 요약
국내 상장
- 업비트: BTC, USDT 마켓만 상장 [
공지 18시 35분
] → 입금량 체크 못했어요.
- 빗썸: 원화 상장[
공지 19시 6분
] → 실제 입금액 약 21억 규모
HODLER 에어드랍 규모
- 이번 바낸 호들러 에어드랍 가치 약 40억 수준
- 앞으로 비슷한 신규 코인 상장 시에는
HODL"
TRUST,Upbit,2025-11-10,,,,,,,cex_futures,neutral,흥따리,"TRUST
- 빗썸의 엔소 이후 대 흥 따 리
이번 trust 급으로 빗썸이 업비트 대비해 압도적으로 흥따리였던건 오랜만이네요..
맨날 빗썸 조롱했는데 보여줄땐 보여주네요
다음 빗썸 흥까지 쿨타임이 얼마나 걸릴지가 이제 제일 궁금하네요
- 후따리도 거진 무한으로 먹여줬습니다
- 초반에 빗썸 몇바퀴 먹여주고, 이후에 의문의 누군가가 국내 거래소(특히 업비트)"
MET,Upbit,2025-11-18,,,,,,,cex_futures,neutral,흥따리,"그냥 진짜 할거없어서 이런거나 하는중
$MET
binance long<>hyperliquid short
1%정도 price gap있었고
하리쪽 스프레드가 꽤 있어서
price gap(100bp)+funding gap(20bp)-스프레드(15*2bp)-수수료(10*2bp)=70bp
적당히 잡았으면 포지션 사이즈대비 50~70bp정도 나왔고(1bp=0.01%)"
MET,Upbit,2025-11-19,TGE,,,,,,cex_futures,bear,보통,"MET
거진 2주만의 원상이네요
메테오라가 그래도 TGE때 거래소 다 뚫을줄 알았는데 결국 한참 지나고서 상장하게됐네요
- 노잼따리긴 하지만, 하락장에 나름 인건비 챙겨준 따리였습니다
생따리치신분들은 전반적으로 4~6퍼정도 가져가고, 현선도 1퍼대에 잘잡았으면 4~5퍼대에 털 기회 많이 준 것 같습니다
- 업비트가 짜치게 MET2 티커로 상장해서 봇 작동안"
"ETH, PLUME",Upbit,2025-12-02,,,,,,,cex_futures,neutral,대흥따리,"PLUME
요즘 좀 게을러져서 천천히 올리고 있습니다..
업비트 입출막도 계속 보고있기도 했구요
간만에 옆상이었는데도 대흥따리였네요
여러가지로 수익볼 기회도 있었고 전반적으로 따리 공부할때 참조하면 좋을 거 같은 상장이었던 것 같아요 (거래소별 핫 모니터링, CEX간 브릿징 체킹 등등..)
- 옆상이라 기대감이 적었는데 Bybit 핫도 빨리 털리고, Bin"
IRYS,Upbit,2025-12-07,TGE,,,,,,cex_futures,neutral,흥따리,"IRYS
근래 있었던 빗썸 흥따리 시리즈 중 하나입니다
- 현선보다는 생따리 잘 쌌으면 10퍼대 수익도 볼 수 있었습니다
개인적으로 PIEVERSE - XION - IRYS를 거치면서 업비트 해킹사태가 터진 해당 기간동안 빗썸 생따리에 더 적극적으로 베팅하게 된 계기가 되었던 따리였던 것 같네요
며칠 좀 바깥 싸돌아댕기느라 늦었네요
앞으로 남은 BOB, T"
"TRAC, BOB",Upbit,2025-12-09,,,,,,,cex_futures,neutral,흥따리,"BOB, TRAC
업비트 해킹기간동안 빗썸 흥따리 마지막 불꽃편입니다
지난 IRYS처럼 BOB랑 TRAC도 둘다 코베픽인 개잡코 상장이었습니다
- 앞선 PIEVERSE-XION-IRYS와 비슷하게 BOB-TRAC도 현선보다는 생따리가 best였습니다
BOB - 저시총 / TRAC - 헷징못함 등의 특징점도 꼽아볼 수 있겠습니다
최근에 따리웨옹고수인
피카님
"
SAPIEN,Upbit,2025-12-10,,,,,,,cex_futures,neutral,흥따리,"SAPIEN
무난
- 상장공지빔 이후 눌리면서 박스권 형성했을 때 잘 담아서 생따했으면 best
- 현선은 펀비탐 이후 잘 잡아서 플레이했으면 2~3퍼대
개인적으로 PIEVERSE-XION-IRYS-BOB-TRAC의 과도한 빗썸 흥따리 기조를 온건하게 끝내준듯
계속 흥따리라 한번 2~30% 맞으면서 크게 부러지는거 감수하고  무지성 생따리를 계속갈겼는데, "
WET,Upbit,2025-12-17,,,,,,,cex_futures,neutral,흥따리,"WET
흥따리
- 근 2주 반만의 업비트 상장
- 빗썸 입금량 집계 중 신메타 시작
- 생따리(Best)
- dex에서 빨리 긁었으면 평단 아주 좋게 가져갈 수 있었음
- 현선도 괜찮은 수익
- dex 잘 긁었으면 역현선도 가능했음
- 선선
- 상장 이후 8퍼대갭까지 있었는데, 펀비타임 이후에 잡든 잘 잡아서 플레이했으면 3%대 가량 빨 수 있었음
- 빗썸"
DEXE,Bithumb,2025-12-20,,,,,,,cex_futures,neutral,흥따리,"DEXE
노잼 따리
- 현선 0퍼대
- 상장공지 후 초반 생매수 / 생따리시 약이득
- 입금액 15~16억 가량
크게 첨언할 것도 없는 흔한 빗썸 개잡코 상장이었습니다
위에 적은 3줄 정도만 알고 넘어가시면 될 것 같습니다
이전 빗썸 흥따리 시기처럼 한번 흥따리가 터져주기전까지는 참여하지 않거나/사이즈를 줄여서 참여하고 있습니다
노션 복기
⤵
$DEXE 상"
YB,Bithumb,2025-12-26,,,500000000.0,,,,cex_futures,neutral,흥따리,"YB
도움반 치곤 흥따리
- 생따리
- 거래 시작 후 (~1분) 거래량 5억 가량
- 초반에 매집했다면 괜찮은 수익
-
핵심)
빗썸 상장 감지 알림
- 상장 감지빔으로 빗썸에서 미친듯이 상승하기 시작
- 바이낸스과 단순 갭 30퍼대 후반까지 벌어짐
- 입금 완료까지 대략 10분 소요
- 후발주자(~15:01/02...) 물량까지 소화 후 마무리
도움반 상장"
ZKP,Upbit,2025-12-28,,,,,,,cex_futures,neutral,대흥따리,"ZKP
흥따리
- 생따리/후따리
- 초반 퍼포먼스: 빗썸 » 업비트
- 후반 퍼포먼스: 업비트 » 빗썸
- 업비트 후펌이 오랫동안 유지해줘서 타이밍 맞게 잘보냈으면 후따리 2바퀴도 먹었을듯
- 현선
- 빗썸 공지때 잡았으면 best
- 업비트 후펌으로 다시 튐
- 선선은 다소 독통이었음
오랜만에 대흥따리였네요
다만 후펌 후따리 먹겠다고 까불다가 다 타이밍을"
XAUT,Upbit,2026-01-03,,,,,,,cex_futures,neutral,망따리,"XAUT
2026 첫 상장
- 금몽현
- 굳이 안봤어도 무방
- 이것저것 다 떼고 잘 팔았으면 0.3퍼 정도 건졌을 듯
- 역프 좀 끼면 사볼까 대기했는데 별로 안 껴서 그냥 관망함
쓸 거리도 없어서 그냥 안쓰려다가 그래도 새해 첫 상장이니까 기록만 해뒀어요
이전 PAXG 생각도 나서 사실 기대 안했고 업비트로 밀고 들어간 물량 매도세로 역프 끼면 좀 주워"
BREV,Upbit,2026-01-08,TGE,,,,,,cex_futures,neutral,대흥따리,"BREV
대흥따리
- 생따리 (Best)
- 상장 공지 ~ 무호흡 상승
- 거래 시작 후 후펌도 강하게 줌
- 후따리는 불가
- 현선
- ~10퍼대 현선까지
- 빗썸 상장 공지 후, 업비트 입출막 완료 공지 이후 현선 다져졌을 때 잡았으면 best
- 바낸따리
- 역시 나쁘지 않았음
TGE 바낸 직상장, 코베 등 메이저 CEX를 다 뚫은 Brevis의 업빗"
ELSA,Upbit,2026-01-24,,,,,,,cex_futures,neutral,망따리,"ELSA
망따리(for me)
- 생따리
- 당시 헷징 가능한 거래소(멕빙쿠+아스터)가 특수반 거래소만 존재 + 현선 등으로 잡기 힘들었음
- 저시총/개잡코/업비트에 들어올만한 물량 등등 고려해 저시총 crime 기대하고 공지 직후 바로 탑승 (손실)
- 팀 매도 물량 이후 상장 직전에 샀으면 이득
- 후따리
- 상장 후 갭 자체는 컸고, 바낸/바빗 선물도"
